id_student,dataplus,dualpane,externalquiz,folder,forumng,glossary,homepage,oucollaborate,oucontent,ouelluminate,ouwiki,page,questionnaire,quiz,resource,sharedsubpage,subpage,url,cluster,cluster_label
26734,0,0,0,0,16,1,63,19,53,0,0,0,0,5,30,0,15,1,0,Moderate Engagement
32327,0,0,0,0,135,0,98,8,114,0,0,0,0,55,10,0,7,0,0,Moderate Engagement
32930,0,0,0,0,0,0,96,0,151,0,0,0,0,152,21,0,16,2,0,Moderate Engagement
34431,0,0,0,0,104,0,54,0,0,0,0,0,0,16,1,0,8,9,0,Moderate Engagement
34662,0,0,0,0,14,0,106,2,62,0,0,0,0,0,20,0,8,2,0,Moderate Engagement
38711,0,0,0,0,4,1,39,0,50,0,0,0,0,58,7,0,6,4,0,Moderate Engagement
47891,0,0,0,0,0,0,25,0,7,0,0,0,0,8,8,0,14,2,0,Moderate Engagement
53236,0,0,0,0,0,0,10,0,29,0,0,0,0,0,3,0,0,0,0,Moderate Engagement
57285,0,0,0,0,4,3,43,1,143,0,0,0,0,16,14,0,58,1,0,Moderate Engagement
58653,0,0,0,0,2,0,102,5,203,0,0,0,0,0,64,0,5,2,0,Moderate Engagement
61352,0,0,0,0,47,0,41,0,55,0,0,0,0,0,7,0,4,0,0,Moderate Engagement
63467,0,0,0,0,0,0,97,0,442,0,0,0,0,71,44,0,18,1,0,Moderate Engagement
70569,0,0,0,0,0,0,125,0,485,0,0,0,9,165,25,0,21,0,0,Moderate Engagement
70750,0,0,0,0,0,0,0,0,18,0,0,0,0,0,2,0,9,0,0,Moderate Engagement
72349,0,0,0,0,10,0,18,0,42,0,0,0,0,0,3,0,11,0,0,Moderate Engagement
73584,0,0,0,0,5,0,39,3,38,0,0,0,0,89,12,0,10,0,0,Moderate Engagement
84541,0,0,0,0,0,0,20,0,15,0,0,0,0,52,5,0,1,0,0,Moderate Engagement
98452,0,0,0,0,0,0,16,0,14,0,0,0,0,0,2,0,2,1,0,Moderate Engagement
98842,0,0,0,0,103,1,78,2,90,0,0,0,0,52,15,0,25,2,0,Moderate Engagement
99088,0,0,0,0,21,0,64,0,108,0,0,0,0,90,5,0,4,2,0,Moderate Engagement
102067,0,0,0,0,0,0,21,0,27,0,0,0,0,1,5,0,1,0,0,Moderate Engagement
103998,0,0,0,0,6,0,0,0,23,0,0,0,0,0,1,0,0,0,0,Moderate Engagement
106793,0,0,0,0,8,0,58,0,289,0,0,0,0,0,40,0,4,1,0,Moderate Engagement
110911,0,0,0,0,29,0,121,1,290,0,0,0,0,45,14,0,20,0,0,Moderate Engagement
116606,0,0,0,0,6,0,64,4,307,0,0,0,0,18,15,0,40,0,0,Moderate Engagement
117545,0,0,0,0,17,1,78,0,299,0,0,0,0,28,10,0,6,3,0,Moderate Engagement
118213,0,0,0,0,4,1,8,1,6,0,0,0,0,0,0,0,0,1,0,Moderate Engagement
118877,0,0,0,0,0,0,2,0,1,0,0,0,0,0,0,0,0,0,0,Moderate Engagement
123087,0,0,0,0,43,0,69,3,264,0,0,0,0,0,28,0,23,0,0,Moderate Engagement
125535,0,0,0,0,6,0,47,5,65,0,0,0,0,0,17,0,42,0,0,Moderate Engagement
125874,0,0,0,0,0,0,5,0,32,0,0,0,0,0,3,0,0,0,0,Moderate Engagement
132924,0,0,0,0,0,0,14,0,1,0,0,0,0,0,4,0,2,0,0,Moderate Engagement
145280,0,0,0,0,16,0,181,0,345,0,0,0,0,30,52,0,37,1,0,Moderate Engagement
157752,0,0,0,0,17,0,121,2,91,0,0,0,0,28,19,0,21,1,0,Moderate Engagement
160026,0,0,0,0,0,0,5,0,67,0,0,0,0,15,3,0,5,0,0,Moderate Engagement
165099,0,0,0,0,22,11,68,14,119,0,0,0,0,10,15,0,9,0,0,Moderate Engagement
177554,0,0,0,0,134,0,51,3,42,0,0,0,0,0,5,0,16,0,0,Moderate Engagement
179073,0,0,0,0,3,2,48,5,72,0,0,0,0,0,10,0,13,2,0,Moderate Engagement
179297,0,0,0,0,0,0,31,0,43,0,0,0,0,0,16,0,18,0,0,Moderate Engagement
184583,0,0,0,0,21,0,21,0,15,0,0,0,0,0,1,0,4,0,0,Moderate Engagement
191746,0,0,0,0,11,0,37,0,37,0,0,0,0,209,6,0,10,1,0,Moderate Engagement
191973,0,0,0,0,0,0,80,0,286,0,0,0,0,185,14,0,2,0,0,Moderate Engagement
195221,0,0,0,0,9,2,23,0,55,0,0,0,0,0,3,0,0,1,0,Moderate Engagement
195345,0,0,0,0,0,0,178,0,757,0,0,0,0,198,33,0,38,2,0,Moderate Engagement
195940,0,0,0,0,1,0,62,12,149,0,0,0,0,3,97,0,23,1,0,Moderate Engagement
197527,0,0,0,0,0,0,33,0,77,0,0,0,0,44,2,0,2,0,0,Moderate Engagement
235371,0,0,0,0,0,0,71,0,157,0,0,0,6,17,14,0,10,0,0,Moderate Engagement
247967,0,0,0,0,128,3,80,4,164,0,0,0,0,0,20,0,16,5,0,Moderate Engagement
249154,0,0,0,0,0,0,6,0,25,0,0,0,0,0,2,0,1,0,0,Moderate Engagement
252863,0,0,0,0,0,0,72,1,171,0,0,0,0,2,22,0,25,0,0,Moderate Engagement
254612,0,0,0,0,3,0,60,0,59,0,0,0,0,41,21,0,21,1,0,Moderate Engagement
258268,0,0,0,0,0,0,31,0,99,0,0,0,0,1,5,0,20,0,0,Moderate Engagement
260216,0,0,0,0,0,0,12,0,8,0,0,0,0,0,2,0,5,0,0,Moderate Engagement
264281,0,0,0,0,45,0,49,0,94,0,0,0,0,0,28,0,9,1,0,Moderate Engagement
264694,0,0,0,0,7,0,146,0,456,0,0,0,0,109,14,0,21,2,0,Moderate Engagement
264732,0,0,0,0,7,0,10,0,5,0,0,0,0,0,7,0,0,0,0,Moderate Engagement
267774,0,0,0,0,2,0,20,0,1,0,0,0,0,0,6,0,7,0,0,Moderate Engagement
269510,0,0,0,0,0,0,70,0,106,0,0,0,0,68,27,0,9,0,0,Moderate Engagement
272000,0,0,0,0,0,1,28,0,37,0,0,0,0,0,8,0,6,0,0,Moderate Engagement
272617,0,0,0,0,0,0,24,0,52,0,0,0,0,14,3,0,4,0,0,Moderate Engagement
275296,0,0,0,0,8,0,45,0,32,0,0,0,0,8,8,0,4,3,0,Moderate Engagement
279238,0,0,0,0,0,0,6,0,1,0,0,0,0,0,2,0,0,0,0,Moderate Engagement
280054,0,0,0,0,0,0,82,1,90,0,0,0,0,3,11,0,5,2,0,Moderate Engagement
285470,0,0,0,0,2,0,46,3,28,0,0,0,0,4,29,0,30,0,0,Moderate Engagement
288086,0,0,0,0,0,0,70,0,277,0,0,0,3,19,14,0,9,0,0,Moderate Engagement
288655,0,0,0,0,0,0,5,0,6,0,0,0,0,0,3,0,1,0,0,Moderate Engagement
290184,0,0,0,0,2,0,75,0,61,0,0,0,0,72,22,0,16,0,0,Moderate Engagement
293989,0,0,0,0,12,2,51,2,94,0,0,0,0,58,20,0,20,1,0,Moderate Engagement
297806,0,0,0,0,17,1,20,2,75,0,0,0,0,0,4,0,7,0,0,Moderate Engagement
300819,0,0,0,0,38,0,68,6,220,0,0,0,0,0,24,0,17,2,0,Moderate Engagement
306880,0,0,0,0,6,0,16,5,8,0,0,0,0,48,29,0,3,0,0,Moderate Engagement
308850,0,0,0,0,17,0,29,1,45,0,0,0,0,0,7,0,5,0,0,Moderate Engagement
314675,0,0,0,0,112,0,127,12,104,0,0,0,0,0,16,0,28,2,0,Moderate Engagement
314801,0,0,0,0,0,0,138,0,440,0,0,0,0,47,23,0,30,1,0,Moderate Engagement
321450,0,0,0,0,47,0,47,9,40,0,0,0,0,0,9,0,10,0,0,Moderate Engagement
322574,0,0,0,0,0,0,4,0,0,0,0,0,0,0,10,0,5,1,0,Moderate Engagement
327224,0,0,0,0,12,0,49,6,91,0,0,0,0,1,22,0,20,0,0,Moderate Engagement
338554,0,0,0,0,0,1,55,0,126,0,0,0,3,9,25,0,27,1,0,Moderate Engagement
340592,0,0,0,0,76,0,31,0,2,0,0,0,0,0,5,0,5,0,0,Moderate Engagement
340899,0,0,0,0,0,0,1,0,3,0,0,0,0,0,0,0,0,0,0,Moderate Engagement
341611,0,0,0,0,0,0,71,0,78,0,0,0,0,14,12,0,24,3,0,Moderate Engagement
342192,0,0,0,0,3,0,72,5,68,0,0,0,0,32,10,0,21,0,0,Moderate Engagement
343138,0,0,0,0,13,0,130,0,205,0,0,0,0,61,38,0,34,2,0,Moderate Engagement
349924,0,0,0,0,0,0,12,0,26,0,0,0,0,0,2,0,0,0,0,Moderate Engagement
350312,0,0,0,0,4,1,17,0,17,0,0,0,0,53,8,0,3,0,0,Moderate Engagement
351050,0,0,0,0,20,0,92,1,311,0,0,0,0,57,13,0,22,1,0,Moderate Engagement
357901,0,0,0,0,0,0,38,0,202,0,0,0,0,26,22,0,14,2,0,Moderate Engagement
358001,0,0,0,0,3,0,54,3,125,0,0,0,0,123,13,0,23,0,0,Moderate Engagement
361411,0,0,0,0,1,0,98,0,588,0,0,0,0,40,22,0,14,3,0,Moderate Engagement
363213,0,0,0,0,32,2,68,5,78,0,0,0,0,1,16,0,21,3,0,Moderate Engagement
364527,0,0,0,0,16,2,78,2,218,0,0,0,0,0,14,0,7,0,0,Moderate Engagement
369234,0,0,0,0,0,0,96,0,412,0,0,0,2,37,6,0,7,1,0,Moderate Engagement
372602,0,0,0,0,6,1,19,0,69,0,0,0,0,0,4,0,8,0,0,Moderate Engagement
373846,0,0,0,0,127,3,85,1,632,0,0,0,0,56,5,0,2,1,0,Moderate Engagement
379212,0,0,0,0,2,0,59,2,32,0,0,0,0,0,109,0,40,0,0,Moderate Engagement
380515,0,0,0,0,0,0,7,0,3,0,0,0,0,0,5,0,6,0,0,Moderate Engagement
381882,0,0,0,0,0,0,99,0,178,0,0,0,0,186,26,0,13,1,0,Moderate Engagement
384266,0,0,0,0,0,0,7,0,1,0,0,0,0,0,2,0,3,0,0,Moderate Engagement
385341,0,0,0,0,45,0,17,10,29,0,0,0,0,0,9,0,15,0,0,Moderate Engagement
385405,0,0,0,0,13,0,63,0,670,0,0,0,1,0,12,0,6,1,0,Moderate Engagement
387406,0,0,0,0,26,1,75,3,28,0,0,0,0,211,22,0,22,1,0,Moderate Engagement
395169,0,0,0,0,0,0,27,0,32,0,0,0,0,9,2,0,8,0,0,Moderate Engagement
396016,0,0,0,0,0,0,1,0,25,0,0,0,0,1,2,0,1,0,0,Moderate Engagement
396673,0,0,0,0,0,1,156,2,84,0,0,0,0,35,119,0,26,0,0,Moderate Engagement
403213,0,0,0,0,0,1,60,0,245,0,0,0,0,0,6,0,3,2,0,Moderate Engagement
411150,0,0,0,0,0,0,26,0,29,0,0,0,0,0,2,0,3,0,0,Moderate Engagement
412081,0,0,0,0,7,0,105,0,346,0,0,0,0,7,20,0,12,0,0,Moderate Engagement
412343,0,0,0,0,0,0,70,0,72,0,0,0,0,45,8,0,7,1,0,Moderate Engagement
417971,0,0,0,0,132,0,88,6,121,0,0,0,0,73,8,0,26,1,0,Moderate Engagement
417978,0,0,0,0,10,2,142,0,121,0,0,0,0,0,44,0,4,1,0,Moderate Engagement
423613,0,0,0,0,0,0,5,0,0,0,0,0,0,0,0,0,0,0,0,Moderate Engagement
425314,0,0,0,0,0,0,2,0,9,0,0,0,0,0,1,0,0,0,0,Moderate Engagement
425772,0,0,0,0,28,8,101,2,204,0,0,0,0,49,15,0,14,0,0,Moderate Engagement
430530,0,0,0,0,59,0,58,0,222,0,0,0,0,80,12,0,13,1,0,Moderate Engagement
433064,0,0,0,0,3,0,7,0,0,0,0,0,0,0,2,0,2,0,0,Moderate Engagement
435287,0,0,0,0,4,0,7,0,26,0,0,0,0,0,4,0,1,1,0,Moderate Engagement
442745,0,0,0,0,0,0,4,0,3,0,0,0,0,0,3,0,2,0,0,Moderate Engagement
445647,0,0,0,0,0,0,56,0,57,0,0,0,0,0,8,0,4,0,0,Moderate Engagement
445774,0,0,0,0,10,1,66,0,69,0,0,0,0,42,7,0,15,1,0,Moderate Engagement
446619,0,0,0,0,0,0,5,0,0,0,0,0,0,0,4,0,6,0,0,Moderate Engagement
447324,0,0,0,0,0,0,60,2,84,0,0,0,0,43,13,0,7,0,0,Moderate Engagement
469579,0,0,0,0,0,0,12,0,10,0,0,0,0,1,3,0,6,1,0,Moderate Engagement
475363,0,0,0,0,76,17,41,2,103,0,0,0,0,0,5,0,27,0,0,Moderate Engagement
481790,0,0,0,0,138,1,99,21,147,0,0,0,0,0,9,0,19,3,0,Moderate Engagement
483508,0,0,0,0,137,0,106,13,433,0,0,0,0,0,29,0,35,0,0,Moderate Engagement
483674,0,0,0,0,8,2,22,0,11,0,0,0,0,0,10,0,11,2,0,Moderate Engagement
484252,0,0,0,0,855,1,114,2,43,0,0,0,0,0,85,0,25,0,0,Moderate Engagement
484550,0,0,0,0,11,0,16,0,38,0,0,0,0,0,4,0,7,0,0,Moderate Engagement
485439,0,0,0,0,184,0,55,2,17,0,0,0,0,13,6,0,8,2,0,Moderate Engagement
485853,0,0,0,0,0,0,3,0,13,0,0,0,0,0,0,0,1,0,0,Moderate Engagement
486516,0,0,0,0,55,0,79,6,146,0,0,0,0,75,14,0,21,1,0,Moderate Engagement
490299,0,0,0,0,0,0,16,0,11,0,0,0,0,0,1,0,4,0,0,Moderate Engagement
492579,0,0,0,0,0,0,32,0,56,0,0,0,0,0,9,0,7,0,0,Moderate Engagement
492676,0,0,0,0,3,0,80,1,90,0,0,0,0,0,22,0,31,2,0,Moderate Engagement
492979,0,0,0,0,24,4,39,0,146,0,0,0,0,0,6,0,6,0,0,Moderate Engagement
493443,0,0,0,0,0,0,135,4,648,0,0,0,3,20,28,0,21,1,0,Moderate Engagement
493609,0,0,0,0,1,0,23,0,31,0,0,0,0,0,22,0,6,1,0,Moderate Engagement
495239,0,0,0,0,4,0,61,0,202,0,0,0,0,0,39,0,82,3,0,Moderate Engagement
495489,0,0,0,0,27,0,79,7,96,0,0,0,0,40,18,0,18,1,0,Moderate Engagement
495522,0,0,0,0,11,0,71,5,62,0,0,0,0,0,23,0,10,0,0,Moderate Engagement
495786,0,0,0,0,24,0,13,0,3,0,0,0,0,0,0,0,7,5,0,Moderate Engagement
496381,0,0,0,0,292,0,159,1,195,0,0,0,0,0,17,0,22,0,0,Moderate Engagement
503159,0,0,0,0,0,0,14,0,164,0,0,0,0,0,5,0,2,0,0,Moderate Engagement
503663,0,0,0,0,13,0,85,0,204,0,0,0,0,78,42,0,28,0,0,Moderate Engagement
505878,0,0,0,0,0,0,33,3,63,0,0,0,0,3,7,0,4,0,0,Moderate Engagement
506679,0,0,0,0,47,0,135,0,419,0,0,0,0,219,9,0,13,0,0,Moderate Engagement
507014,0,0,0,0,1,0,65,2,123,0,0,0,0,13,27,0,20,0,0,Moderate Engagement
507386,0,0,0,0,0,0,33,0,262,0,0,0,0,11,16,0,16,2,0,Moderate Engagement
509466,0,0,0,0,5,1,37,0,22,0,0,0,0,0,18,0,13,4,0,Moderate Engagement
510068,0,0,0,0,7,0,38,1,15,0,0,0,0,0,34,0,27,1,0,Moderate Engagement
510471,0,0,0,0,0,0,102,0,1150,0,0,0,0,176,35,0,20,2,0,Moderate Engagement
511295,0,0,0,0,0,0,16,0,7,0,0,0,0,0,8,0,4,1,0,Moderate Engagement
516588,0,0,0,0,0,0,12,0,6,0,0,0,0,0,2,0,1,0,0,Moderate Engagement
520024,0,0,0,0,65,2,66,4,62,0,0,0,0,73,5,0,11,3,0,Moderate Engagement
521164,0,0,0,0,32,0,44,0,175,0,0,0,0,118,4,0,10,2,0,Moderate Engagement
522478,0,0,0,0,0,0,12,0,1,0,0,0,0,0,69,0,3,0,0,Moderate Engagement
523831,0,0,0,0,26,0,61,2,18,0,0,0,0,3,29,0,12,3,0,Moderate Engagement
524043,0,0,0,0,22,0,70,0,108,0,0,0,0,79,6,0,9,2,0,Moderate Engagement
527102,0,0,0,0,20,0,47,4,26,0,0,0,0,0,40,0,17,0,0,Moderate Engagement
527742,0,0,0,0,103,0,58,0,16,0,0,0,0,88,5,0,8,0,0,Moderate Engagement
528432,0,0,0,0,34,1,90,3,225,0,0,0,0,36,15,0,11,0,0,Moderate Engagement
534588,0,0,0,0,54,0,9,0,39,0,0,0,0,0,8,0,2,1,0,Moderate Engagement
534715,0,0,0,0,0,0,135,0,262,0,0,0,0,0,46,0,48,0,0,Moderate Engagement
534884,0,0,0,0,0,0,44,0,82,0,0,0,0,17,8,0,10,1,0,Moderate Engagement
536767,0,0,0,0,2,0,19,1,20,0,0,0,0,0,5,0,15,1,0,Moderate Engagement
541123,0,0,0,0,0,0,7,0,11,0,0,0,0,0,3,0,0,0,0,Moderate Engagement
541995,0,0,0,0,0,0,2,0,3,0,0,0,0,0,0,0,0,0,0,Moderate Engagement
545964,0,0,0,0,10,0,139,0,422,0,0,0,4,115,18,0,12,0,0,Moderate Engagement
546250,0,0,0,0,30,2,58,6,138,0,0,0,0,7,24,0,14,2,0,Moderate Engagement
549288,0,0,0,0,0,0,7,0,7,0,0,0,0,0,1,0,1,0,0,Moderate Engagement
550081,0,0,0,0,597,0,254,14,53,0,0,0,0,0,12,0,14,0,0,Moderate Engagement
550245,0,0,0,0,0,1,71,0,57,0,0,0,0,6,37,0,33,1,0,Moderate Engagement
551000,0,0,0,0,39,0,139,0,207,0,0,0,0,128,11,0,21,1,0,Moderate Engagement
551237,0,0,0,0,52,0,43,0,89,0,0,0,0,0,13,0,12,0,0,Moderate Engagement
551276,0,0,0,0,0,0,3,0,24,0,0,0,0,0,1,0,2,0,0,Moderate Engagement
551922,0,0,0,0,5,0,92,0,134,0,0,0,0,94,26,0,34,0,0,Moderate Engagement
554599,0,0,0,0,20,0,93,0,152,0,0,0,0,1,24,0,10,1,0,Moderate Engagement
556290,0,0,0,0,0,0,40,0,38,0,0,0,0,45,13,0,6,1,0,Moderate Engagement
557085,14,2,0,0,716,7,1123,7,2990,0,17,3,26,2733,68,0,503,33,2,High Engagement
559973,0,0,0,0,0,0,50,0,112,0,0,0,0,110,19,0,12,1,0,Moderate Engagement
560652,0,0,0,0,0,0,120,0,427,0,0,0,3,145,13,0,25,2,0,Moderate Engagement
561979,0,0,0,0,7,0,22,0,17,0,0,0,0,0,4,0,5,0,0,Moderate Engagement
568019,0,0,0,0,0,0,145,0,243,0,0,0,0,108,27,0,12,1,0,Moderate Engagement
568775,0,0,0,0,4,2,117,0,36,0,0,0,0,72,10,0,18,46,0,Moderate Engagement
570692,0,0,0,0,0,1,33,0,26,0,0,0,0,0,14,0,10,0,0,Moderate Engagement
571395,0,0,0,0,0,0,15,1,10,0,0,0,0,0,4,0,10,0,0,Moderate Engagement
571641,0,0,0,0,210,4,85,1,74,0,0,0,0,14,11,0,36,1,0,Moderate Engagement
571868,0,0,0,0,1,0,15,0,16,0,0,0,0,0,4,0,5,1,0,Moderate Engagement
572101,0,0,0,0,0,4,210,0,458,0,0,0,0,187,42,0,14,0,0,Moderate Engagement
572106,0,0,0,0,0,0,9,0,0,0,0,0,0,18,0,0,6,0,0,Moderate Engagement
572119,0,0,0,0,10,2,73,4,205,0,0,0,0,0,28,0,19,0,0,Moderate Engagement
572306,0,0,0,0,11,0,44,6,131,0,0,0,0,0,10,0,27,1,0,Moderate Engagement
572371,0,0,0,0,0,0,52,0,171,0,0,0,0,50,5,0,5,0,0,Moderate Engagement
573252,0,0,0,0,0,0,8,0,4,0,0,0,0,0,11,0,4,0,0,Moderate Engagement
573554,0,0,0,0,19,2,36,0,65,0,0,0,0,79,13,0,41,0,0,Moderate Engagement
573873,0,0,0,0,0,0,8,0,6,0,0,0,0,0,6,0,7,2,0,Moderate Engagement
574063,0,0,0,0,29,0,50,0,275,0,0,0,0,103,21,0,19,0,0,Moderate Engagement
574244,0,0,0,0,7,0,143,0,294,0,0,0,0,100,25,0,17,1,0,Moderate Engagement
574841,0,0,0,0,0,0,191,0,562,0,0,0,0,0,46,0,17,2,0,Moderate Engagement
575404,0,0,0,0,15,0,116,0,282,0,0,0,0,7,56,0,22,1,0,Moderate Engagement
575892,0,0,0,0,0,0,10,0,13,0,0,0,0,0,11,0,0,1,0,Moderate Engagement
576203,0,0,0,0,0,0,7,0,33,0,0,0,0,0,3,0,2,1,0,Moderate Engagement
576262,0,0,0,0,52,0,20,2,22,0,0,0,0,27,5,0,12,0,0,Moderate Engagement
576913,0,0,0,0,43,0,80,0,165,0,0,0,0,0,13,0,7,2,0,Moderate Engagement
577354,0,0,0,0,6,1,21,0,89,0,0,0,0,0,73,0,20,1,0,Moderate Engagement
577728,0,0,0,0,0,1,52,0,44,0,0,0,0,0,18,0,21,4,0,Moderate Engagement
578418,0,0,0,0,44,0,46,2,260,0,0,0,4,0,3,0,6,0,0,Moderate Engagement
578439,0,0,0,0,0,0,31,0,20,0,0,0,0,0,5,0,15,1,0,Moderate Engagement
579161,0,0,0,0,64,0,37,0,22,0,0,0,0,1,7,0,4,2,0,Moderate Engagement
579201,0,0,0,0,59,1,131,0,173,0,0,0,0,192,15,0,15,0,0,Moderate Engagement
579251,0,0,0,0,14,0,51,0,79,0,0,0,0,0,10,0,14,4,0,Moderate Engagement
579409,0,0,0,0,80,0,39,2,183,0,0,0,0,0,10,0,4,0,0,Moderate Engagement
579486,0,0,0,0,0,0,20,0,0,0,0,0,0,0,0,0,9,2,0,Moderate Engagement
581178,0,0,0,0,4,0,140,0,103,0,0,0,0,290,35,0,47,1,0,Moderate Engagement
582040,0,0,0,0,0,0,44,7,33,0,0,0,0,0,13,0,26,2,0,Moderate Engagement
582348,0,0,0,0,19,0,33,1,81,0,0,0,0,0,23,0,2,0,0,Moderate Engagement
582694,0,0,0,0,89,0,69,2,76,0,0,0,0,115,22,0,13,0,0,Moderate Engagement
582816,0,0,0,0,0,0,6,0,15,0,0,0,0,0,22,0,4,0,0,Moderate Engagement
582933,0,0,0,0,0,0,70,0,89,0,0,0,0,24,9,0,2,0,0,Moderate Engagement
583954,0,0,0,0,21,2,81,1,207,0,0,0,0,1,32,0,34,1,0,Moderate Engagement
585074,0,0,0,0,0,1,12,0,0,0,0,0,0,1,2,0,4,1,0,Moderate Engagement
585762,0,0,0,0,0,0,75,1,320,0,0,0,0,0,18,0,13,1,0,Moderate Engagement
585963,0,0,0,0,25,0,99,0,374,0,0,0,0,29,2,0,9,0,0,Moderate Engagement
586180,0,0,0,0,0,2,39,0,127,0,0,0,0,176,21,0,19,0,0,Moderate Engagement
586398,0,0,0,0,1,0,7,0,0,0,0,0,0,0,2,0,4,0,0,Moderate Engagement
586561,0,0,0,0,40,4,60,1,49,0,0,0,0,10,4,0,8,2,0,Moderate Engagement
586818,0,0,0,0,4,0,139,0,417,0,0,0,0,82,22,0,25,1,0,Moderate Engagement
587037,0,0,0,0,10,0,36,1,34,0,0,0,0,0,5,0,10,2,0,Moderate Engagement
587434,0,0,0,0,6,0,10,0,2,0,0,0,0,0,1,0,2,0,0,Moderate Engagement
587860,0,0,0,0,0,2,52,1,15,0,0,0,0,0,37,0,16,0,0,Moderate Engagement
588062,0,0,0,0,40,0,39,2,54,0,0,0,0,0,11,0,6,0,0,Moderate Engagement
588166,0,0,0,0,0,0,38,0,65,0,0,0,0,0,8,0,8,0,0,Moderate Engagement
588207,0,0,0,0,4,0,111,0,179,0,0,0,0,28,24,0,39,5,0,Moderate Engagement
588251,0,0,0,0,84,0,121,0,318,0,0,0,4,65,6,0,3,3,0,Moderate Engagement
588991,0,0,0,0,0,0,16,0,8,0,0,0,0,0,1,0,4,2,0,Moderate Engagement
589935,0,0,0,0,7,0,32,0,17,0,0,0,0,0,11,0,9,2,0,Moderate Engagement
589968,0,0,0,0,5,0,9,0,48,0,0,0,0,0,7,0,2,1,0,Moderate Engagement
590086,0,0,0,0,30,1,71,0,436,0,0,0,0,22,16,0,13,0,0,Moderate Engagement
590122,0,0,0,0,0,0,54,0,423,0,0,0,0,104,2,0,4,0,0,Moderate Engagement
590416,0,0,0,0,1,3,79,6,255,0,0,0,0,30,16,0,15,0,0,Moderate Engagement
590764,0,0,0,0,83,0,152,0,276,0,0,0,0,127,29,0,26,0,0,Moderate Engagement
590867,0,0,0,0,28,0,51,0,17,0,0,0,0,0,15,0,33,13,0,Moderate Engagement
591159,0,0,0,0,12,0,40,1,21,0,0,0,0,8,177,0,11,2,0,Moderate Engagement
591986,0,0,0,0,0,0,61,0,98,0,0,0,0,5,17,0,22,2,0,Moderate Engagement
591999,0,0,0,0,12,0,92,0,225,0,0,0,0,72,8,0,17,0,0,Moderate Engagement
592262,0,0,0,0,57,1,36,0,63,0,0,0,0,1,14,0,13,0,0,Moderate Engagement
592815,0,0,0,0,391,1,229,1,25,0,0,0,0,95,3,0,9,8,0,Moderate Engagement
593000,0,0,0,0,0,1,30,2,35,0,0,0,0,26,19,0,13,1,0,Moderate Engagement
593583,0,0,0,0,0,0,20,0,5,0,0,0,0,0,7,0,9,3,0,Moderate Engagement
593819,0,0,0,0,51,0,66,0,69,0,0,0,0,110,41,0,13,0,0,Moderate Engagement
595137,0,0,0,0,0,0,46,2,46,0,0,0,0,0,10,0,9,2,0,Moderate Engagement
595421,0,0,0,0,0,1,88,0,294,0,0,0,0,38,27,0,16,0,0,Moderate Engagement
595892,0,0,0,0,12,0,49,1,256,0,0,0,0,112,33,0,25,1,0,Moderate Engagement
596072,0,0,0,0,0,0,5,0,1,0,0,0,0,0,1,0,1,0,0,Moderate Engagement
596151,0,0,0,0,0,1,73,0,43,0,0,0,0,0,12,0,15,5,0,Moderate Engagement
596496,0,0,0,0,0,0,5,0,22,0,0,0,0,0,1,0,2,0,0,Moderate Engagement
597532,0,0,0,0,105,0,135,0,9,0,0,0,0,71,34,0,28,7,0,Moderate Engagement
597539,0,0,0,0,0,0,28,0,46,0,0,0,0,1,8,0,3,0,0,Moderate Engagement
597744,0,0,0,0,0,0,35,0,47,0,0,0,0,35,14,0,1,0,0,Moderate Engagement
597853,0,0,0,0,24,2,58,0,36,0,0,0,0,13,12,0,17,1,0,Moderate Engagement
598035,0,0,0,0,0,0,15,0,37,0,0,0,0,0,56,0,3,1,0,Moderate Engagement
598201,0,0,0,0,15,3,104,2,184,0,0,0,0,0,34,0,26,0,0,Moderate Engagement
598313,0,0,0,0,2,1,80,0,435,0,0,0,3,144,17,0,10,2,0,Moderate Engagement
598395,0,0,0,0,0,0,3,0,0,0,0,0,0,0,2,0,0,0,0,Moderate Engagement
598581,0,0,0,0,5,0,80,4,433,0,0,0,5,78,9,0,6,1,0,Moderate Engagement
598769,0,0,0,0,0,0,75,0,62,0,0,0,0,26,27,0,24,2,0,Moderate Engagement
599108,0,0,0,0,2,1,31,0,78,0,0,0,0,152,8,0,15,3,0,Moderate Engagement
599323,0,0,0,0,81,3,64,0,169,0,0,0,0,0,9,0,13,0,0,Moderate Engagement
600398,0,0,0,0,34,0,91,4,290,0,0,0,0,0,13,0,11,0,0,Moderate Engagement
600404,0,0,0,0,0,0,44,0,69,0,0,0,0,1,17,0,3,0,0,Moderate Engagement
600463,0,0,0,0,6,0,36,0,80,0,0,0,0,0,10,0,8,1,0,Moderate Engagement
600658,0,0,0,0,0,0,35,0,24,0,0,0,0,10,6,0,8,2,0,Moderate Engagement
600664,0,0,0,0,243,0,125,0,277,0,0,0,0,0,16,0,7,0,0,Moderate Engagement
601316,0,0,0,0,0,0,25,0,48,0,0,0,0,40,11,0,16,2,0,Moderate Engagement
601803,0,0,0,0,30,1,54,2,56,0,0,0,0,58,11,0,17,1,0,Moderate Engagement
601930,0,0,0,0,0,0,20,0,14,0,0,0,0,0,3,0,1,0,0,Moderate Engagement
602109,0,0,0,0,0,0,42,0,36,0,0,0,0,2,12,0,9,2,0,Moderate Engagement
602570,0,0,0,0,22,5,46,8,32,0,0,0,0,123,13,0,27,1,0,Moderate Engagement
602666,0,0,0,0,0,0,39,0,56,0,0,0,0,0,13,0,14,1,0,Moderate Engagement
603055,0,0,0,0,2,0,87,3,116,0,0,0,0,0,33,0,55,1,0,Moderate Engagement
603121,0,0,0,0,0,0,10,0,2,0,0,0,0,0,8,0,13,1,0,Moderate Engagement
603200,0,0,0,0,0,0,56,0,272,0,0,0,3,0,18,0,14,2,0,Moderate Engagement
603746,0,0,0,0,5,0,31,10,45,0,0,0,0,0,0,0,8,1,0,Moderate Engagement
603921,0,0,0,0,59,0,86,3,288,0,0,0,0,121,9,0,15,0,0,Moderate Engagement
605089,0,0,0,0,20,0,101,7,110,0,0,0,0,50,21,0,24,0,0,Moderate Engagement
605186,0,0,0,0,0,0,24,0,17,0,0,0,0,0,6,0,0,2,0,Moderate Engagement
605383,0,0,0,0,0,0,7,0,5,0,0,0,0,0,5,0,2,0,0,Moderate Engagement
605770,0,0,0,0,2,2,87,1,220,0,0,0,3,89,25,0,28,0,0,Moderate Engagement
606004,0,0,0,0,3,0,5,0,0,0,0,0,0,0,0,0,0,0,0,Moderate Engagement
606105,0,0,0,0,14,0,55,1,66,0,0,0,0,1,17,0,11,0,0,Moderate Engagement
606442,0,0,0,0,0,0,112,0,477,0,0,0,0,140,24,0,16,4,0,Moderate Engagement
606517,0,0,0,0,0,0,44,0,52,0,0,0,0,62,16,0,12,1,0,Moderate Engagement
606531,0,0,0,0,0,0,2,0,4,0,0,0,0,0,1,0,0,0,0,Moderate Engagement
606586,0,0,0,0,0,0,10,1,3,0,0,0,0,0,0,0,0,1,0,Moderate Engagement
606914,0,0,0,0,0,0,15,0,1,0,0,0,0,0,10,0,11,0,0,Moderate Engagement
607176,0,0,0,0,38,0,76,3,166,0,0,0,0,3,17,0,15,4,0,Moderate Engagement
607603,0,0,0,0,2,0,69,0,562,0,0,0,3,0,21,0,8,0,0,Moderate Engagement
608068,0,0,0,0,0,0,48,0,58,0,0,0,0,97,11,0,3,2,0,Moderate Engagement
610494,0,0,0,0,27,0,41,0,3,0,0,0,0,0,3,0,2,1,0,Moderate Engagement
611275,0,0,0,0,7,0,60,1,83,0,0,0,0,19,13,0,21,3,0,Moderate Engagement
612337,0,0,0,0,0,2,29,0,39,0,0,0,0,0,22,0,5,1,0,Moderate Engagement
612473,0,0,0,0,9,0,4,2,22,0,0,0,0,0,4,0,1,0,0,Moderate Engagement
613135,0,0,0,0,0,0,90,0,118,0,0,0,0,54,16,0,7,0,0,Moderate Engagement
613909,0,0,0,0,9,0,145,2,624,0,0,0,2,1,11,0,8,0,0,Moderate Engagement
614159,0,0,0,0,46,0,71,0,77,0,0,0,0,10,24,0,33,1,0,Moderate Engagement
615165,0,0,0,0,4,0,90,0,278,0,0,0,0,45,16,0,17,2,0,Moderate Engagement
615263,0,0,0,0,0,0,26,3,19,0,0,0,0,6,5,0,5,0,0,Moderate Engagement
617521,0,0,0,0,56,0,114,3,220,0,0,0,0,0,48,0,57,2,0,Moderate Engagement
617525,0,0,0,0,25,0,89,1,320,0,0,0,0,74,15,0,14,1,0,Moderate Engagement
617530,0,0,0,0,0,0,56,0,173,0,0,0,0,78,54,0,7,1,0,Moderate Engagement
617811,0,0,0,0,13,1,26,0,68,0,0,0,0,0,4,0,6,1,0,Moderate Engagement
618960,0,0,0,0,0,0,52,0,41,0,0,0,0,36,78,0,3,1,0,Moderate Engagement
619052,0,0,0,0,0,0,14,0,5,0,0,0,0,0,3,0,4,1,0,Moderate Engagement
620115,0,0,0,0,0,0,3,0,29,0,0,0,0,0,5,0,1,0,0,Moderate Engagement
620655,0,0,0,0,0,0,2,0,0,0,0,0,0,0,1,0,1,0,0,Moderate Engagement
621487,0,0,0,0,0,0,28,0,106,0,0,0,0,0,12,0,7,0,0,Moderate Engagement
621826,0,0,0,0,0,0,55,0,145,0,0,0,4,47,10,0,3,0,0,Moderate Engagement
621899,0,0,0,0,0,0,19,0,36,0,0,0,0,0,9,0,0,0,0,Moderate Engagement
622007,0,0,0,0,0,0,41,0,43,0,0,0,0,0,11,0,9,0,0,Moderate Engagement
622117,0,0,0,0,0,0,8,0,18,0,0,0,0,0,4,0,4,0,0,Moderate Engagement
622313,0,0,0,0,0,0,33,0,68,0,0,0,0,0,14,0,14,0,0,Moderate Engagement
623042,0,0,0,0,20,0,126,0,275,0,0,0,0,113,4,0,11,3,0,Moderate Engagement
623441,0,0,0,0,0,0,76,0,299,0,0,0,4,180,18,0,17,1,0,Moderate Engagement
623689,0,0,0,0,0,0,20,0,30,0,0,0,0,0,2,0,5,1,0,Moderate Engagement
624709,0,0,0,0,0,0,40,1,101,0,0,0,0,0,14,0,16,2,0,Moderate Engagement
624795,0,0,0,0,160,0,155,0,71,0,0,0,0,88,65,0,24,0,0,Moderate Engagement
625709,0,0,0,0,0,0,26,0,38,0,0,0,0,0,8,0,6,0,0,Moderate Engagement
625826,0,0,0,0,46,0,67,2,109,0,0,0,0,0,28,0,36,1,0,Moderate Engagement
626075,0,0,0,0,0,0,50,2,101,0,0,0,0,3,10,0,14,1,0,Moderate Engagement
626660,0,0,0,0,0,0,10,0,8,0,0,0,0,0,4,0,5,0,0,Moderate Engagement
627119,0,0,0,0,7,0,48,0,67,0,0,0,0,25,22,0,7,2,0,Moderate Engagement
629553,0,0,0,0,6,11,58,2,133,0,0,0,0,0,16,0,23,0,0,Moderate Engagement
630286,0,0,0,0,0,0,44,0,161,0,0,0,0,0,9,0,15,1,0,Moderate Engagement
630343,0,0,0,0,15,4,117,0,84,0,0,0,0,120,25,0,27,0,0,Moderate Engagement
630597,0,0,0,0,0,0,6,0,13,0,0,0,0,0,2,0,2,0,0,Moderate Engagement
630697,0,0,0,0,73,0,32,3,5,0,0,0,0,3,7,0,9,0,0,Moderate Engagement
630773,0,0,0,0,27,1,29,0,9,0,0,0,0,0,7,0,10,1,0,Moderate Engagement
631266,0,0,0,0,8,0,21,0,42,0,0,0,0,37,6,0,8,0,0,Moderate Engagement
631416,0,0,0,0,8,0,27,2,20,0,0,0,0,0,10,0,13,0,0,Moderate Engagement
631561,0,0,0,0,51,0,31,0,11,0,0,0,0,43,3,0,2,0,0,Moderate Engagement
631775,0,0,0,0,0,0,159,0,207,0,0,0,0,6,68,0,12,1,0,Moderate Engagement
631954,0,0,0,0,0,0,148,0,571,0,0,0,0,61,39,0,19,3,0,Moderate Engagement
632281,0,0,0,0,0,1,55,3,206,0,0,0,0,1,22,0,14,3,0,Moderate Engagement
632473,0,0,0,0,89,3,84,0,190,0,0,0,0,3,12,0,14,0,0,Moderate Engagement
632722,0,0,0,0,84,0,88,12,53,0,0,0,0,15,14,0,14,1,0,Moderate Engagement
632955,0,0,0,0,2,0,86,1,316,0,0,0,0,124,12,0,9,1,0,Moderate Engagement
633206,0,0,0,0,0,0,2,0,0,0,0,0,0,0,2,0,1,0,0,Moderate Engagement
634247,0,0,0,0,1,0,47,0,67,0,0,0,0,0,21,0,23,0,0,Moderate Engagement
635328,0,0,0,0,0,0,44,0,30,0,0,0,0,1,35,0,69,2,0,Moderate Engagement
635561,0,0,0,0,0,0,53,0,57,0,0,0,0,0,16,0,12,4,0,Moderate Engagement
635921,0,0,0,0,7,0,85,0,70,0,0,0,0,18,8,0,14,0,0,Moderate Engagement
636953,0,0,0,0,0,0,67,0,65,0,0,0,0,0,9,0,3,1,0,Moderate Engagement
637279,0,0,0,0,6,0,61,0,361,0,0,0,0,116,31,0,36,5,0,Moderate Engagement
637348,0,0,0,0,0,0,20,0,69,0,0,0,0,6,4,0,7,0,0,Moderate Engagement
637382,0,0,0,0,10,0,42,1,2,0,0,0,0,0,6,0,18,0,0,Moderate Engagement
637820,0,0,0,0,0,0,94,0,349,0,0,0,1,151,24,0,21,0,0,Moderate Engagement
637867,0,0,0,0,1,1,41,0,408,0,0,0,0,0,21,0,18,4,0,Moderate Engagement
637903,0,0,0,0,0,0,46,0,226,0,0,0,0,81,4,0,12,1,0,Moderate Engagement
638417,0,0,0,0,2,0,23,0,38,0,0,0,0,0,6,0,2,0,0,Moderate Engagement
638544,0,0,0,0,5,0,37,0,3,0,0,0,0,3,2,0,3,0,0,Moderate Engagement
638554,0,0,0,0,3,0,56,1,85,0,0,0,0,64,11,0,13,0,0,Moderate Engagement
638575,0,0,0,0,0,0,10,0,3,0,0,0,0,0,1,0,2,1,0,Moderate Engagement
638756,0,0,0,0,12,0,84,0,23,0,0,0,0,4,21,0,25,4,0,Moderate Engagement
639663,0,0,0,0,0,1,41,0,95,0,0,0,0,14,13,0,24,1,0,Moderate Engagement
640289,0,0,0,0,1,1,73,0,82,0,0,0,0,192,48,0,24,3,0,Moderate Engagement
640455,0,0,0,0,0,0,33,0,83,0,0,0,0,1,3,0,4,1,0,Moderate Engagement
640701,0,0,0,0,7,1,95,0,122,0,0,0,0,1,29,0,44,2,0,Moderate Engagement
640706,0,0,0,0,0,0,21,0,32,0,0,0,0,0,5,0,5,0,0,Moderate Engagement
640753,0,0,0,0,0,0,44,0,11,0,0,0,0,4,6,0,1,0,0,Moderate Engagement
641329,0,0,0,0,88,2,150,0,241,0,0,0,0,30,23,0,18,0,0,Moderate Engagement
641795,0,0,0,0,3,0,2,0,0,0,0,0,0,0,0,0,0,0,0,Moderate Engagement
641992,0,0,0,0,54,1,59,1,90,0,0,0,0,95,12,0,15,4,0,Moderate Engagement
642075,0,0,0,0,8,0,60,10,85,0,0,0,0,0,12,0,13,0,0,Moderate Engagement
642122,0,0,0,0,5,0,72,3,1298,0,0,0,0,55,19,0,11,0,0,Moderate Engagement
642201,0,0,0,0,27,0,43,0,57,0,0,0,0,30,29,0,27,0,0,Moderate Engagement
642439,0,0,0,0,13,0,90,6,40,0,0,0,0,0,27,0,25,1,0,Moderate Engagement
642633,0,0,0,0,28,0,17,1,28,0,0,0,0,0,6,0,3,0,0,Moderate Engagement
642802,0,0,0,0,13,1,13,0,12,0,0,0,0,0,2,0,4,0,0,Moderate Engagement
642988,0,0,0,0,0,0,5,0,0,0,0,0,0,0,2,0,1,1,0,Moderate Engagement
643608,0,0,0,0,0,0,50,0,179,0,0,0,0,50,3,0,0,0,0,Moderate Engagement
643953,0,0,0,0,26,0,31,2,7,0,0,0,0,46,3,0,1,0,0,Moderate Engagement
644069,0,0,0,0,16,1,102,7,230,0,0,0,0,95,21,0,13,0,0,Moderate Engagement
644101,0,0,0,0,3,0,63,0,76,0,0,0,0,49,5,0,16,0,0,Moderate Engagement
644482,0,0,0,0,0,0,1,0,0,0,0,0,0,0,2,0,1,0,0,Moderate Engagement
644599,0,0,0,0,0,0,22,4,5,0,0,0,0,7,36,0,12,0,0,Moderate Engagement
644863,0,0,0,0,90,0,75,8,127,0,0,0,0,0,10,0,20,1,0,Moderate Engagement
644883,0,0,0,0,0,0,18,0,1,0,0,0,0,0,10,0,9,0,0,Moderate Engagement
645052,0,0,0,0,0,0,5,0,6,0,0,0,0,0,3,0,0,0,0,Moderate Engagement
645183,0,0,0,0,0,0,35,0,55,0,0,0,0,0,7,0,8,3,0,Moderate Engagement
645248,0,0,0,0,15,0,57,0,116,0,0,0,0,37,29,0,28,2,0,Moderate Engagement
645370,0,0,0,0,32,0,114,0,358,0,0,0,3,56,7,0,5,1,0,Moderate Engagement
645371,0,0,0,0,0,0,15,0,33,0,0,0,0,0,11,0,2,0,0,Moderate Engagement
645420,0,0,0,0,0,0,61,0,22,0,0,0,0,11,20,0,8,0,0,Moderate Engagement
645639,0,0,0,0,0,0,30,0,88,0,0,0,0,0,11,0,17,1,0,Moderate Engagement
645753,0,0,0,0,6,0,68,0,86,0,0,0,0,0,90,0,8,0,0,Moderate Engagement
645793,0,0,0,0,0,0,5,0,5,0,0,0,0,0,2,0,1,0,0,Moderate Engagement
646004,0,0,0,0,1,0,73,0,88,0,0,0,0,47,7,0,8,0,0,Moderate Engagement
646178,0,0,0,0,0,0,56,0,4,0,0,0,0,0,28,0,18,2,0,Moderate Engagement
646415,0,0,0,0,0,0,91,0,74,0,0,0,0,88,32,0,24,0,0,Moderate Engagement
646691,0,0,0,0,0,0,13,0,13,0,0,0,0,57,5,0,15,2,0,Moderate Engagement
646776,0,0,0,0,5,0,32,4,50,0,0,0,0,3,3,0,7,2,0,Moderate Engagement
646781,0,0,0,0,13,1,67,4,175,0,0,0,0,25,25,0,19,2,0,Moderate Engagement
646901,0,0,0,0,6,0,26,0,21,0,0,0,0,78,13,0,20,2,0,Moderate Engagement
647126,0,0,0,0,0,0,3,0,8,0,0,0,0,0,1,0,0,0,0,Moderate Engagement
647312,0,0,0,0,0,4,45,4,38,0,0,0,0,0,51,0,33,1,0,Moderate Engagement
647502,0,0,0,0,53,0,44,0,42,0,0,0,0,97,2,0,4,0,0,Moderate Engagement
647711,0,0,0,0,0,0,222,0,288,0,0,0,0,167,24,0,45,5,0,Moderate Engagement
647774,0,0,0,0,0,0,5,0,0,0,0,0,0,0,1,0,1,0,0,Moderate Engagement
647803,0,0,0,0,5,0,78,2,254,0,0,0,0,73,17,0,12,2,0,Moderate Engagement
647883,0,0,0,0,0,1,71,0,663,0,0,0,9,136,29,0,19,0,0,Moderate Engagement
648063,0,0,0,0,7,2,106,3,124,0,0,0,0,0,31,0,51,5,0,Moderate Engagement
648082,0,0,0,0,4,0,45,0,31,0,0,0,0,104,8,0,2,0,0,Moderate Engagement
648119,0,0,0,0,0,0,15,0,58,0,0,0,0,43,4,0,12,2,0,Moderate Engagement
648120,0,0,0,0,14,0,49,5,47,0,0,0,0,15,13,0,19,1,0,Moderate Engagement
648127,0,0,0,0,0,0,106,1,313,0,0,0,0,47,42,0,25,5,0,Moderate Engagement
648131,0,0,0,0,6,0,9,0,56,0,0,0,0,0,7,0,9,1,0,Moderate Engagement
648262,0,0,0,0,19,4,66,1,289,0,0,0,0,48,20,0,8,0,0,Moderate Engagement
648310,0,0,0,0,0,0,44,0,154,0,0,0,0,0,23,0,32,1,0,Moderate Engagement
648335,0,0,0,0,0,0,19,0,50,0,0,0,0,0,4,0,3,0,0,Moderate Engagement
648386,0,0,0,0,80,0,218,0,224,0,0,0,0,17,52,0,34,0,0,Moderate Engagement
648391,0,0,0,0,13,0,30,0,54,0,0,0,0,0,4,0,2,0,0,Moderate Engagement
648476,0,0,0,0,2,0,22,0,81,0,0,0,0,0,8,0,11,1,0,Moderate Engagement
648519,0,0,0,0,8,0,35,0,37,0,0,0,0,0,8,0,12,1,0,Moderate Engagement
648585,0,0,0,0,81,0,38,13,207,0,0,0,0,3,21,0,23,2,0,Moderate Engagement
648596,0,0,0,0,2,2,8,0,27,0,0,0,0,0,4,0,0,0,0,Moderate Engagement
648676,0,0,0,0,1,0,67,0,99,0,0,0,0,1,9,0,4,1,0,Moderate Engagement
648709,0,0,0,0,13,0,5,2,191,0,0,0,0,35,27,0,25,2,0,Moderate Engagement
648754,0,0,0,0,0,0,12,0,8,0,0,0,0,0,7,0,0,0,0,Moderate Engagement
648845,0,0,0,0,0,0,99,0,663,0,0,0,7,184,21,0,16,1,0,Moderate Engagement
648928,0,0,0,0,0,0,14,12,7,0,0,0,0,0,14,0,9,1,0,Moderate Engagement
648985,0,0,0,0,0,0,12,0,21,0,0,0,0,0,3,0,7,0,0,Moderate Engagement
649000,0,0,0,0,0,0,30,0,107,0,0,0,0,0,5,0,4,1,0,Moderate Engagement
649018,0,0,0,0,27,0,58,1,112,0,0,0,0,49,40,0,26,2,0,Moderate Engagement
649026,0,0,0,0,1,4,108,3,69,0,0,0,0,0,34,0,55,4,0,Moderate Engagement
649444,0,0,0,0,7,0,26,0,13,0,0,0,0,0,9,0,6,2,0,Moderate Engagement
649542,0,0,0,0,0,0,12,0,4,0,0,0,0,0,3,0,1,0,0,Moderate Engagement
649543,0,0,0,0,0,0,17,0,43,0,0,0,0,24,5,0,4,1,0,Moderate Engagement
649621,0,0,0,0,0,1,49,0,256,0,0,0,3,121,41,0,15,2,0,Moderate Engagement
649638,0,0,0,0,15,1,75,0,153,0,0,0,0,35,19,0,21,1,0,Moderate Engagement
649692,0,0,0,0,0,0,2,0,33,0,0,0,0,0,2,0,1,1,0,Moderate Engagement
650050,0,0,0,0,4,0,10,0,13,0,0,0,0,0,1,0,1,1,0,Moderate Engagement
650114,0,0,0,0,0,1,96,0,403,0,0,0,7,226,17,0,11,1,0,Moderate Engagement
650354,0,0,0,0,0,0,8,0,35,0,0,0,0,0,3,0,4,0,0,Moderate Engagement
650371,0,0,0,0,5,2,100,0,369,0,0,0,0,187,27,0,8,1,0,Moderate Engagement
650433,0,0,0,0,0,1,81,0,129,0,0,0,0,74,8,0,9,0,0,Moderate Engagement
650451,0,0,0,0,13,0,14,0,13,0,0,0,0,0,7,0,0,2,0,Moderate Engagement
650517,0,0,0,0,0,0,14,0,5,0,0,0,0,0,3,0,0,0,0,Moderate Engagement
650531,0,0,0,0,0,0,13,0,34,0,0,0,0,0,4,0,4,0,0,Moderate Engagement
650746,0,0,0,0,0,0,7,0,28,0,0,0,0,0,3,0,0,0,0,Moderate Engagement
650797,0,0,0,0,58,0,134,4,82,0,0,0,0,157,15,0,8,1,0,Moderate Engagement
650953,0,0,0,0,0,1,45,2,26,0,0,0,0,0,12,0,16,4,0,Moderate Engagement
650961,0,0,0,0,0,0,24,0,21,0,0,0,0,0,9,0,16,1,0,Moderate Engagement
651004,0,0,0,0,7,0,56,0,105,0,0,0,0,19,15,0,15,4,0,Moderate Engagement
651008,0,0,0,0,0,3,122,0,254,0,0,0,0,27,15,0,18,3,0,Moderate Engagement
651027,0,0,0,0,4,0,57,2,137,0,0,0,0,62,29,0,18,1,0,Moderate Engagement
651087,0,0,0,0,0,0,19,0,20,0,0,0,0,0,20,0,12,0,0,Moderate Engagement
651209,0,0,0,0,2,0,51,0,36,0,0,0,0,152,9,0,19,0,0,Moderate Engagement
651278,0,0,0,0,2,0,58,0,45,0,0,0,0,22,20,0,25,1,0,Moderate Engagement
651415,0,0,0,0,4,0,154,0,469,0,0,0,0,130,30,0,24,3,0,Moderate Engagement
651609,0,0,0,0,0,1,25,0,64,0,0,0,0,0,5,0,6,2,0,Moderate Engagement
651678,0,0,0,0,30,5,46,2,75,0,0,0,0,8,21,0,26,6,0,Moderate Engagement
651801,0,0,0,0,0,0,6,0,102,0,0,0,0,0,5,0,0,0,0,Moderate Engagement
651883,0,0,0,0,0,0,46,0,229,0,0,0,0,0,13,0,19,3,0,Moderate Engagement
651974,0,0,0,0,4,0,19,0,55,0,0,0,0,0,5,0,3,0,0,Moderate Engagement
651979,0,0,0,0,26,0,70,1,106,0,0,0,0,15,15,0,7,0,0,Moderate Engagement
652044,0,0,0,0,0,0,159,10,459,0,0,0,0,8,28,0,20,0,0,Moderate Engagement
652130,0,0,0,0,103,0,21,1,48,0,0,0,0,0,12,0,12,0,0,Moderate Engagement
652288,0,0,0,0,264,0,205,9,28,0,0,0,0,18,16,0,5,1,0,Moderate Engagement
652390,0,0,0,0,38,0,50,4,70,0,0,0,0,82,10,0,8,3,0,Moderate Engagement
652522,0,0,0,0,18,0,29,0,56,0,0,0,0,2,28,0,18,5,0,Moderate Engagement
652553,0,0,0,0,0,0,31,0,9,0,0,0,0,3,3,0,4,0,0,Moderate Engagement
652585,0,0,0,0,0,0,19,0,44,0,0,0,0,0,7,0,1,0,0,Moderate Engagement
652605,0,0,0,0,0,0,53,0,50,0,0,0,0,0,2,0,11,2,0,Moderate Engagement
652731,0,0,0,0,0,0,1,0,0,0,0,0,0,0,0,0,0,0,0,Moderate Engagement
652803,0,0,0,0,0,0,9,0,7,0,0,0,0,0,2,0,2,0,0,Moderate Engagement
652818,0,0,0,0,0,0,44,3,87,0,0,0,0,26,25,0,4,1,0,Moderate Engagement
652851,0,0,0,0,15,0,95,2,208,0,0,0,0,77,8,0,7,0,0,Moderate Engagement
652886,0,0,0,0,2,0,59,2,36,0,0,0,0,0,9,0,7,1,0,Moderate Engagement
652933,0,0,0,0,52,0,46,0,27,0,0,0,0,77,23,0,7,0,0,Moderate Engagement
652969,0,0,0,0,46,0,82,0,1223,0,0,0,0,62,40,0,20,0,0,Moderate Engagement
653027,0,0,0,0,0,0,12,0,10,0,0,0,0,116,0,0,5,1,0,Moderate Engagement
653034,0,0,0,0,0,0,22,0,41,0,0,0,0,0,4,0,1,2,0,Moderate Engagement
653059,0,0,0,0,0,0,3,0,0,0,0,0,0,0,0,0,0,0,0,Moderate Engagement
653068,0,0,0,0,0,0,88,0,244,0,0,0,0,0,22,0,25,0,0,Moderate Engagement
653097,0,0,0,0,2,0,13,0,8,0,0,0,0,0,6,0,5,2,0,Moderate Engagement
653188,0,0,0,0,0,0,94,0,38,0,0,0,0,65,41,0,34,2,0,Moderate Engagement
653239,0,0,0,0,0,0,99,0,312,0,0,0,0,190,37,0,36,1,0,Moderate Engagement
653244,0,0,0,0,11,0,15,0,16,0,0,0,0,0,3,0,1,2,0,Moderate Engagement
653262,0,0,0,0,0,0,47,0,94,0,0,0,0,28,9,0,21,4,0,Moderate Engagement
653385,0,0,0,0,0,0,52,0,31,0,0,0,0,0,11,0,10,3,0,Moderate Engagement
653541,0,0,0,0,47,0,54,5,41,0,0,0,0,45,29,0,12,2,0,Moderate Engagement
653597,0,0,0,0,29,0,65,0,52,0,0,0,0,0,24,0,17,1,0,Moderate Engagement
653752,0,0,0,0,4,0,37,0,17,0,0,0,0,13,7,0,6,2,0,Moderate Engagement
653944,0,0,0,0,0,0,11,0,2,0,0,0,0,0,0,0,0,0,0,Moderate Engagement
653952,0,0,0,0,0,0,49,0,84,0,0,0,0,1,7,0,3,0,0,Moderate Engagement
654001,0,0,0,0,0,0,6,0,11,0,0,0,0,0,1,0,0,0,0,Moderate Engagement
654043,0,0,0,0,0,0,119,0,148,0,0,0,0,171,23,0,18,0,0,Moderate Engagement
654071,0,0,0,0,35,3,42,1,57,0,0,0,0,0,26,0,38,0,0,Moderate Engagement
654206,0,0,0,0,0,0,86,2,635,0,0,0,9,115,22,0,11,0,0,Moderate Engagement
654214,0,0,0,0,0,0,2,0,0,0,0,0,0,0,1,0,1,0,0,Moderate Engagement
654265,0,0,0,0,0,0,13,0,3,0,0,0,0,0,2,0,2,1,0,Moderate Engagement
654404,0,0,0,0,5,0,49,2,138,0,0,0,3,100,7,0,3,1,0,Moderate Engagement
654415,0,0,0,0,8,0,145,0,472,0,0,0,0,0,54,0,36,2,0,Moderate Engagement
654422,0,0,0,0,6,0,4,0,17,0,0,0,0,0,2,0,1,0,0,Moderate Engagement
654545,0,0,0,0,83,4,46,11,161,0,0,0,0,0,22,0,26,2,0,Moderate Engagement
654585,0,0,0,0,49,1,107,4,76,0,0,0,0,56,22,0,16,0,0,Moderate Engagement
654639,0,0,0,0,6,8,8,0,0,0,0,0,0,0,18,0,8,0,0,Moderate Engagement
654657,0,0,0,0,0,0,54,0,329,0,0,0,4,131,6,0,1,0,0,Moderate Engagement
654678,0,0,0,0,0,0,28,0,38,0,0,0,0,0,50,0,14,1,0,Moderate Engagement
654923,0,0,0,0,0,0,2,0,2,0,0,0,0,0,1,0,0,0,0,Moderate Engagement
655086,0,0,0,0,3,0,31,0,41,0,0,0,0,0,8,0,6,3,0,Moderate Engagement
655152,0,0,0,0,10,0,38,1,43,0,0,0,0,6,7,0,4,0,0,Moderate Engagement
655155,0,0,0,0,9,3,80,0,77,0,0,0,0,5,31,0,25,1,0,Moderate Engagement
655230,0,0,0,0,0,0,93,0,75,0,0,0,0,11,38,0,20,7,0,Moderate Engagement
655460,0,0,0,0,6,0,29,2,62,0,0,0,0,0,3,0,7,1,0,Moderate Engagement
655547,0,0,0,0,0,0,163,0,223,0,0,0,0,190,36,0,46,4,0,Moderate Engagement
655572,0,0,0,0,10,5,38,0,30,0,0,0,0,48,8,0,10,1,0,Moderate Engagement
655605,0,0,0,0,0,0,4,0,3,0,0,0,0,0,1,0,0,0,0,Moderate Engagement
655613,0,0,0,0,0,5,45,0,171,0,0,0,0,58,17,0,36,2,0,Moderate Engagement
655662,0,0,0,0,0,0,1,0,0,0,0,0,0,0,0,0,0,0,0,Moderate Engagement
656067,0,0,0,0,0,0,22,0,31,0,0,0,0,4,20,0,35,5,0,Moderate Engagement
656089,0,0,0,0,300,0,133,2,146,0,0,0,0,33,10,0,18,0,0,Moderate Engagement
656122,0,0,0,0,0,3,108,0,78,0,0,0,0,0,31,0,29,5,0,Moderate Engagement
656181,0,0,0,0,4,0,65,0,95,0,0,0,0,182,8,0,10,1,0,Moderate Engagement
656187,0,0,0,0,70,0,57,4,61,0,0,0,0,0,19,0,26,1,0,Moderate Engagement
656194,0,0,0,0,0,0,13,0,11,0,0,0,0,0,3,0,2,0,0,Moderate Engagement
656196,0,0,0,0,0,0,43,0,131,0,0,0,0,0,15,0,14,1,0,Moderate Engagement
656200,0,0,0,0,1,0,120,0,261,0,0,0,3,2,15,0,12,5,0,Moderate Engagement
656204,0,0,0,0,0,5,65,0,34,0,0,0,0,2,9,0,26,2,0,Moderate Engagement
656206,0,0,0,0,0,7,25,0,7,0,0,0,0,1,15,0,23,1,0,Moderate Engagement
656208,0,0,0,0,0,0,74,0,71,0,0,0,0,0,11,0,12,1,0,Moderate Engagement
656217,0,0,0,0,15,0,23,8,97,0,0,0,0,0,20,0,11,2,0,Moderate Engagement
656222,0,0,0,0,0,0,35,0,16,0,0,0,0,9,47,0,17,3,0,Moderate Engagement
656253,0,0,0,0,3,0,15,2,35,0,0,0,0,0,26,0,2,0,0,Moderate Engagement
656276,0,0,0,0,0,0,33,0,45,0,0,0,0,0,13,0,3,1,0,Moderate Engagement
656412,0,0,0,0,0,0,4,0,4,0,0,0,0,0,1,0,0,0,0,Moderate Engagement
656455,0,0,0,0,0,0,1,0,1,0,0,0,0,0,1,0,0,0,0,Moderate Engagement
656472,0,0,0,0,0,0,8,0,3,0,0,0,0,0,2,0,3,0,0,Moderate Engagement
656475,0,0,0,0,0,0,45,0,45,0,0,0,0,80,9,0,13,3,0,Moderate Engagement
656494,0,0,0,0,0,0,37,0,138,0,0,0,0,84,25,0,4,1,0,Moderate Engagement
656522,0,0,0,0,0,0,9,0,30,0,0,0,0,1,3,0,3,0,0,Moderate Engagement
656549,0,0,0,0,21,0,46,5,131,0,0,0,0,44,4,0,5,1,0,Moderate Engagement
656711,0,0,0,0,0,0,80,0,226,0,0,0,0,0,22,0,16,4,0,Moderate Engagement
656755,0,0,0,0,0,0,6,3,0,0,0,0,0,0,0,0,0,0,0,Moderate Engagement
657099,0,0,0,0,0,0,11,0,62,0,0,0,0,32,3,0,4,0,0,Moderate Engagement
674201,0,0,0,0,8,0,26,0,70,0,0,0,0,49,3,0,6,3,0,Moderate Engagement
674319,0,0,0,0,1,0,30,0,86,0,0,0,0,0,19,0,9,2,0,Moderate Engagement
674322,0,0,0,0,0,0,23,26,57,0,0,0,0,0,159,0,16,1,0,Moderate Engagement
674323,0,0,0,0,24,0,7,0,20,0,0,0,0,0,5,0,5,0,0,Moderate Engagement
674616,0,0,0,0,0,0,13,0,7,0,0,0,0,0,5,0,12,0,0,Moderate Engagement
674746,0,0,0,0,3,1,10,0,75,0,0,0,0,0,4,0,6,1,0,Moderate Engagement
674748,0,0,0,0,23,0,103,1,27,0,0,0,0,60,30,0,40,3,0,Moderate Engagement
674758,0,0,0,0,0,1,10,0,6,0,0,0,0,0,8,0,9,0,0,Moderate Engagement
674922,0,0,0,0,12,0,59,0,264,0,0,0,0,137,31,0,22,1,0,Moderate Engagement
674960,0,0,0,0,22,0,39,0,32,0,0,0,0,60,14,0,12,2,0,Moderate Engagement
675059,0,0,0,0,6,0,18,0,16,0,0,0,0,0,3,0,8,2,0,Moderate Engagement
675094,0,0,0,0,8,0,82,0,88,0,0,0,0,1,42,0,17,1,0,Moderate Engagement
675165,0,0,0,0,0,0,0,0,0,0,0,0,0,0,4,0,6,2,0,Moderate Engagement
675671,0,0,0,0,9,0,12,0,15,0,0,0,0,0,4,0,3,1,0,Moderate Engagement
675728,0,0,0,0,2,0,37,0,33,0,0,0,0,0,11,0,13,1,0,Moderate Engagement
675750,0,0,0,0,14,0,66,1,63,0,0,0,0,21,18,0,6,2,0,Moderate Engagement
675922,0,0,0,0,0,0,5,1,18,0,0,0,0,0,1,0,5,0,0,Moderate Engagement
675929,0,0,0,0,0,0,6,0,5,0,0,0,0,0,1,0,3,0,0,Moderate Engagement
676011,0,0,0,0,0,0,18,0,22,0,0,0,0,0,3,0,0,0,0,Moderate Engagement
676169,0,0,0,0,0,0,4,0,10,0,0,0,0,0,8,0,3,0,0,Moderate Engagement
676258,0,0,0,0,0,0,17,0,24,0,0,0,0,0,3,0,1,1,0,Moderate Engagement
676420,0,0,0,0,0,0,24,0,13,0,0,0,0,0,3,0,21,0,0,Moderate Engagement
676750,0,0,0,0,14,3,129,2,330,0,0,0,6,0,18,0,18,1,0,Moderate Engagement
676948,0,0,0,0,3,1,89,12,245,0,0,0,0,1,25,0,7,2,0,Moderate Engagement
676962,0,0,0,0,0,0,86,0,73,0,0,0,0,6,16,0,32,0,0,Moderate Engagement
677154,0,0,0,0,6,1,81,7,109,0,0,0,0,0,28,0,11,3,0,Moderate Engagement
677201,0,0,0,0,39,0,115,4,150,0,0,0,0,155,12,0,13,3,0,Moderate Engagement
677338,0,0,0,0,9,0,46,1,77,0,0,0,0,0,15,0,23,3,0,Moderate Engagement
677630,0,0,0,0,0,0,51,0,26,0,0,0,0,0,30,0,25,1,0,Moderate Engagement
677877,0,0,0,0,111,0,165,2,202,0,0,0,0,47,5,0,35,0,0,Moderate Engagement
677879,0,0,0,0,0,0,42,0,46,0,0,0,0,80,18,0,25,4,0,Moderate Engagement
677922,0,0,0,0,51,0,52,2,334,0,0,0,0,64,23,0,15,1,0,Moderate Engagement
677997,0,0,0,0,0,0,51,0,122,0,0,0,0,47,43,0,8,1,0,Moderate Engagement
678016,0,0,0,0,0,0,0,0,4,0,0,0,0,0,2,0,0,0,0,Moderate Engagement
678038,0,0,0,0,19,0,56,3,90,0,0,0,0,78,20,0,12,1,0,Moderate Engagement
678080,0,0,0,0,0,0,12,1,32,0,0,0,0,88,9,0,6,0,0,Moderate Engagement
678085,0,0,0,0,0,0,55,0,144,0,0,0,0,39,23,0,22,2,0,Moderate Engagement
678107,0,0,0,0,0,0,27,2,44,0,0,0,0,0,4,0,5,2,0,Moderate Engagement
678110,0,0,0,0,2,5,66,2,205,0,0,0,10,45,4,0,7,0,0,Moderate Engagement
678144,0,0,0,0,0,0,30,0,94,0,0,0,0,0,7,0,1,0,0,Moderate Engagement
678213,0,0,0,0,1,1,113,0,80,0,0,0,0,123,23,0,50,1,0,Moderate Engagement
678278,0,0,0,0,0,0,70,0,129,0,0,0,0,168,13,0,9,0,0,Moderate Engagement
678283,0,0,0,0,1,1,20,0,23,0,0,0,0,0,2,0,19,1,0,Moderate Engagement
678327,0,0,0,0,0,0,12,0,16,0,0,0,0,0,3,0,3,0,0,Moderate Engagement
678335,0,0,0,0,2,0,64,0,94,0,0,0,0,47,4,0,16,0,0,Moderate Engagement
678444,0,0,0,0,0,0,22,0,24,0,0,0,0,1,8,0,18,0,0,Moderate Engagement
678575,0,0,0,0,0,0,45,0,73,0,0,0,0,3,19,0,6,1,0,Moderate Engagement
678578,0,0,0,0,0,0,10,0,42,0,0,0,0,0,1,0,2,1,0,Moderate Engagement
678623,0,0,0,0,3,0,130,0,303,0,0,0,0,3,38,0,20,2,0,Moderate Engagement
678770,0,0,0,0,0,0,4,0,0,0,0,0,0,0,1,0,3,0,0,Moderate Engagement
678777,0,0,0,0,13,0,72,8,125,0,0,0,0,29,7,0,29,1,0,Moderate Engagement
678801,0,0,0,0,3,0,9,0,8,0,0,0,0,4,1,0,2,0,0,Moderate Engagement
678953,0,0,0,0,0,0,11,0,16,0,0,0,0,0,1,0,1,3,0,Moderate Engagement
679218,0,0,0,0,23,1,53,4,123,0,0,0,0,55,12,0,13,2,0,Moderate Engagement
679439,0,0,0,0,0,0,115,0,163,0,0,0,0,47,25,0,17,0,0,Moderate Engagement
679457,0,0,0,0,0,0,32,0,133,0,0,0,0,64,17,0,14,7,0,Moderate Engagement
679716,0,0,0,0,51,2,58,3,127,0,0,0,0,76,15,0,7,0,0,Moderate Engagement
679724,0,0,0,0,9,0,58,0,127,0,0,0,0,31,6,0,3,0,0,Moderate Engagement
679828,0,0,0,0,0,0,146,0,76,0,0,0,0,89,65,0,49,1,0,Moderate Engagement
679918,0,0,0,0,123,0,108,2,218,0,0,0,0,4,20,0,10,2,0,Moderate Engagement
679971,0,0,0,0,0,0,26,0,34,0,0,0,0,82,21,0,5,1,0,Moderate Engagement
679989,0,0,0,0,0,0,10,0,79,0,0,0,0,0,4,0,1,0,0,Moderate Engagement
680162,0,0,0,0,0,0,75,0,548,0,0,0,0,3,17,0,18,1,0,Moderate Engagement
680453,0,0,0,0,4,2,17,0,168,0,0,0,0,19,18,0,16,1,0,Moderate Engagement
680471,0,0,0,0,0,0,102,0,536,0,0,0,9,75,19,0,22,1,0,Moderate Engagement
680522,0,0,0,0,0,0,13,0,17,0,0,0,0,0,5,0,1,0,0,Moderate Engagement
680530,0,0,0,0,0,0,52,0,89,0,0,0,0,41,4,0,18,0,0,Moderate Engagement
680541,0,0,0,0,21,0,77,26,240,0,0,0,0,0,29,0,41,1,0,Moderate Engagement
680591,0,0,0,0,6,0,148,0,179,0,0,0,0,79,40,0,20,1,0,Moderate Engagement
680862,0,0,0,0,0,0,12,0,20,0,0,0,0,10,10,0,12,0,0,Moderate Engagement
680878,0,0,0,0,2,0,3,0,0,0,0,0,0,0,1,0,1,0,0,Moderate Engagement
681384,0,0,0,0,0,0,14,0,8,0,0,0,0,0,3,0,4,1,0,Moderate Engagement
681710,0,0,0,0,10,0,27,1,4,0,0,0,0,1,5,0,4,2,0,Moderate Engagement
681752,0,0,0,0,39,0,18,0,19,0,0,0,0,0,6,0,6,0,0,Moderate Engagement
681798,0,0,0,0,1,0,104,0,646,0,0,0,7,230,16,0,5,0,0,Moderate Engagement
681961,0,0,0,0,39,0,30,0,14,0,0,0,0,0,5,0,3,1,0,Moderate Engagement
681984,0,0,0,0,0,0,36,0,18,0,0,0,0,1,12,0,12,3,0,Moderate Engagement
682056,0,0,0,0,0,0,93,2,91,0,0,0,0,10,24,0,21,0,0,Moderate Engagement
682058,0,0,0,0,0,0,79,0,290,0,0,0,0,28,9,0,12,0,0,Moderate Engagement
682223,0,0,0,0,98,2,66,10,310,0,0,0,0,4,8,0,12,2,0,Moderate Engagement
682364,0,0,0,0,0,1,22,0,16,0,0,0,0,0,44,0,9,2,0,Moderate Engagement
682375,0,0,0,0,0,0,5,0,10,0,0,0,0,0,5,0,5,1,0,Moderate Engagement
682480,0,0,0,0,0,0,17,1,11,0,0,0,0,32,6,0,8,0,0,Moderate Engagement
682538,0,0,0,0,0,17,36,0,69,0,0,0,0,0,16,0,0,0,0,Moderate Engagement
682728,0,0,0,0,2,2,62,0,95,0,0,0,0,48,16,0,14,1,0,Moderate Engagement
682731,0,0,0,0,0,0,9,0,0,0,0,0,0,0,4,0,3,0,0,Moderate Engagement
682887,0,0,0,0,4,1,195,1,319,0,0,0,0,43,17,0,19,2,0,Moderate Engagement
682913,0,0,0,0,6,1,139,5,262,0,0,0,3,104,11,0,6,0,0,Moderate Engagement
683054,0,0,0,0,0,0,2,0,0,0,0,0,0,0,2,0,2,0,0,Moderate Engagement
683164,0,0,0,0,0,2,40,0,89,0,0,0,0,0,17,0,18,0,0,Moderate Engagement
683275,0,0,0,0,5,0,51,3,34,0,0,0,0,0,19,0,15,0,0,Moderate Engagement
683301,0,0,0,0,0,0,4,0,0,0,0,0,0,0,7,0,0,0,0,Moderate Engagement
683548,0,0,0,0,0,0,59,0,496,0,0,0,3,0,17,0,13,2,0,Moderate Engagement
683618,0,0,0,0,0,0,116,1,340,0,0,0,3,119,4,0,6,1,0,Moderate Engagement
683768,0,0,0,0,0,0,6,0,0,0,0,0,0,0,1,0,2,1,0,Moderate Engagement
683792,0,0,0,0,0,0,8,0,0,0,0,0,0,0,1,0,1,0,0,Moderate Engagement
683817,0,0,0,0,25,2,116,0,189,0,0,0,0,140,30,0,29,0,0,Moderate Engagement
683947,0,0,0,0,0,0,24,0,26,0,0,0,0,0,5,0,1,0,0,Moderate Engagement
684098,0,0,0,0,13,0,70,0,113,0,0,0,0,1,7,0,4,0,0,Moderate Engagement
684250,0,0,0,0,0,0,55,0,49,0,0,0,0,31,12,0,16,1,0,Moderate Engagement
684375,0,0,0,0,67,1,103,2,236,0,0,0,0,0,24,0,20,0,0,Moderate Engagement
684420,0,0,0,0,0,0,3,0,5,0,0,0,0,0,0,0,3,0,0,Moderate Engagement
684459,0,0,0,0,30,0,43,5,21,0,0,0,0,63,5,0,12,0,0,Moderate Engagement
684681,0,0,0,0,0,0,59,0,70,0,0,0,0,12,14,0,15,0,0,Moderate Engagement
684704,0,0,0,0,1,0,67,14,292,0,0,0,0,158,12,0,10,0,0,Moderate Engagement
684736,0,0,0,0,0,0,10,0,35,0,0,0,0,0,2,0,0,0,0,Moderate Engagement
685052,0,0,0,0,5,1,50,0,61,0,0,0,0,28,43,0,37,0,0,Moderate Engagement
685079,0,0,0,0,0,1,2,0,1422,0,0,0,3,114,10,0,12,3,0,Moderate Engagement
685257,0,0,0,0,0,0,17,0,31,0,0,0,0,53,7,0,4,1,0,Moderate Engagement
685453,0,0,0,0,0,0,33,0,296,0,0,0,0,56,18,0,4,1,0,Moderate Engagement
685602,0,0,0,0,10,1,15,0,50,0,0,0,0,0,11,0,24,1,0,Moderate Engagement
685653,0,0,0,0,6,1,49,0,54,0,0,0,0,4,25,0,18,0,0,Moderate Engagement
685776,0,0,0,0,10,1,59,0,61,0,0,0,0,0,5,0,13,3,0,Moderate Engagement
685779,0,0,0,0,2,4,77,7,325,0,0,0,0,24,28,0,21,0,0,Moderate Engagement
685829,0,0,0,0,20,0,113,4,227,0,0,0,0,1,41,0,16,1,0,Moderate Engagement
685841,0,0,0,0,0,0,1,0,0,0,0,0,0,0,0,0,0,0,0,Moderate Engagement
685900,0,0,0,0,63,0,63,4,81,0,0,0,0,61,22,0,30,1,0,Moderate Engagement
686093,0,0,0,0,51,5,68,0,378,0,0,0,0,0,30,0,29,1,0,Moderate Engagement
686191,0,0,0,0,86,0,128,4,59,0,0,0,0,45,12,0,13,1,0,Moderate Engagement
686201,0,0,0,0,0,0,6,0,2,0,0,0,0,0,2,0,11,0,0,Moderate Engagement
686286,0,0,0,0,0,0,36,0,42,0,0,0,0,0,11,0,15,1,0,Moderate Engagement
686596,0,0,0,0,1,1,169,0,173,0,0,0,0,16,24,0,42,1,0,Moderate Engagement
686633,0,0,0,0,0,0,3,0,53,0,0,0,0,0,4,0,0,0,0,Moderate Engagement
686703,0,0,0,0,0,0,2,0,0,0,0,0,0,0,0,0,0,0,0,Moderate Engagement
686752,0,0,0,0,0,0,4,0,0,0,0,0,0,11,3,0,1,0,0,Moderate Engagement
686837,0,0,0,0,95,0,107,2,463,0,0,0,11,0,7,0,32,0,0,Moderate Engagement
686953,0,0,0,0,3,0,99,0,304,0,0,0,0,257,11,0,5,1,0,Moderate Engagement
687004,0,0,0,0,0,0,4,0,2,0,0,0,0,0,0,0,0,0,0,Moderate Engagement
687030,0,0,0,0,0,0,22,0,66,0,0,0,0,33,9,0,5,0,0,Moderate Engagement
687154,0,0,0,0,0,0,3,0,0,0,0,0,0,0,0,0,0,0,0,Moderate Engagement
687185,0,0,0,0,0,1,131,0,137,0,0,0,0,111,19,0,17,3,0,Moderate Engagement
687217,0,0,0,0,7,0,91,0,92,0,0,0,0,19,22,0,15,4,0,Moderate Engagement
687256,0,0,0,0,0,0,5,0,2,0,0,0,0,0,2,0,1,0,0,Moderate Engagement
687301,0,0,0,0,0,0,45,0,138,0,0,0,0,20,12,0,14,2,0,Moderate Engagement
687326,0,0,0,0,0,0,67,9,112,0,0,0,0,9,23,0,7,1,0,Moderate Engagement
687402,0,0,0,0,0,0,100,0,487,0,0,0,0,92,31,0,24,1,0,Moderate Engagement
687404,0,0,0,0,0,0,6,0,0,0,0,0,0,0,1,0,1,0,0,Moderate Engagement
687822,0,0,0,0,0,1,16,0,39,0,0,0,0,0,7,0,3,0,0,Moderate Engagement
687978,0,0,0,0,0,0,5,0,5,0,0,0,0,0,2,0,2,0,0,Moderate Engagement
688011,0,0,0,0,58,0,101,13,210,0,0,0,0,0,18,0,18,1,0,Moderate Engagement
688106,0,0,0,0,0,0,28,0,176,0,0,0,0,36,16,0,10,1,0,Moderate Engagement
688130,0,0,0,0,3,0,28,2,10,0,0,0,0,3,4,0,11,3,0,Moderate Engagement
688144,0,0,0,0,0,0,5,0,1,0,0,0,0,0,43,0,1,0,0,Moderate Engagement
688167,0,0,0,0,0,0,124,0,330,0,0,0,0,89,59,0,27,1,0,Moderate Engagement
688208,0,0,0,0,0,5,147,0,159,0,0,0,0,113,27,0,17,2,0,Moderate Engagement
688263,0,0,0,0,4,0,14,0,27,0,0,0,0,0,11,0,7,0,0,Moderate Engagement
688301,0,0,0,0,0,0,34,0,43,0,0,0,0,0,7,0,3,0,0,Moderate Engagement
688398,0,0,0,0,0,0,27,0,93,0,0,0,0,0,9,0,5,0,0,Moderate Engagement
688599,0,0,0,0,0,0,48,0,65,0,0,0,0,0,10,0,15,1,0,Moderate Engagement
688600,0,0,0,0,0,0,79,1,295,0,0,0,0,0,27,0,14,2,0,Moderate Engagement
688997,0,0,0,0,0,0,14,0,22,0,0,0,0,0,6,0,1,0,0,Moderate Engagement
689069,0,0,0,0,3,0,35,0,142,0,0,0,0,56,36,0,5,0,0,Moderate Engagement
689089,0,0,0,0,3,0,18,0,12,0,0,0,0,21,1,0,14,0,0,Moderate Engagement
689094,0,0,0,0,9,0,87,0,360,0,0,0,0,93,58,0,27,1,0,Moderate Engagement
689107,0,0,0,0,0,0,1,0,0,0,0,0,0,0,0,0,0,0,0,Moderate Engagement
689113,0,0,0,0,2,0,21,1,57,0,0,0,0,1,9,0,12,0,0,Moderate Engagement
689124,0,0,0,0,31,0,86,3,423,0,0,0,0,62,29,0,13,1,0,Moderate Engagement
689129,0,0,0,0,56,2,50,9,193,0,0,0,0,0,13,0,7,0,0,Moderate Engagement
689141,0,0,0,0,26,0,138,3,181,0,0,0,0,17,35,0,23,0,0,Moderate Engagement
689147,0,0,0,0,59,0,66,5,102,0,0,0,0,6,15,0,35,2,0,Moderate Engagement
689173,0,0,0,0,1,0,19,0,14,0,0,0,0,0,10,0,5,0,0,Moderate Engagement
689178,0,0,0,0,16,0,65,0,130,0,0,0,0,1,9,0,13,4,0,Moderate Engagement
689185,0,0,0,0,91,0,135,2,147,0,0,0,0,91,13,0,8,2,0,Moderate Engagement
689228,0,0,0,0,8,0,84,0,130,0,0,0,0,120,20,0,6,5,0,Moderate Engagement
689265,0,0,0,0,35,0,90,2,154,0,0,0,0,81,29,0,4,1,0,Moderate Engagement
689267,0,0,0,0,1,0,43,1,104,0,0,0,2,0,27,0,28,3,0,Moderate Engagement
689298,0,0,0,0,0,0,6,0,0,0,0,0,0,0,6,0,7,0,0,Moderate Engagement
689329,0,0,0,0,0,0,83,0,220,0,0,0,0,31,19,0,8,0,0,Moderate Engagement
689333,0,0,0,0,0,1,123,2,418,0,0,0,0,11,9,0,22,6,0,Moderate Engagement
689397,0,0,0,0,0,0,19,0,42,0,0,0,0,111,12,0,15,0,0,Moderate Engagement
689487,0,0,0,0,0,0,44,2,128,0,0,0,0,112,6,0,5,1,0,Moderate Engagement
689493,0,0,0,0,0,0,65,0,287,0,0,0,5,26,6,0,18,0,0,Moderate Engagement
689768,0,0,0,0,51,0,58,14,34,0,0,0,0,4,10,0,14,3,0,Moderate Engagement
689775,0,0,0,0,0,0,2,0,3,0,0,0,0,0,0,0,0,0,0,Moderate Engagement
689778,0,0,0,0,0,0,10,0,2,0,0,0,0,0,2,0,1,0,0,Moderate Engagement
689808,0,0,0,0,0,0,19,0,7,0,0,0,0,0,3,0,4,2,0,Moderate Engagement
689828,0,0,0,0,3,0,45,0,48,0,0,0,0,0,4,0,10,1,0,Moderate Engagement
689896,0,0,0,0,14,0,67,2,259,0,0,0,3,38,26,0,16,0,0,Moderate Engagement
689925,0,0,0,0,1,2,53,0,35,0,0,0,0,10,9,0,6,0,0,Moderate Engagement
689936,0,0,0,0,0,0,75,0,307,0,0,0,0,45,18,0,14,0,0,Moderate Engagement
690235,0,0,0,0,0,0,1,0,2,0,0,0,0,0,1,0,0,0,0,Moderate Engagement
690359,0,0,0,0,5,1,47,0,247,0,0,0,0,19,96,0,24,0,0,Moderate Engagement
690366,0,0,0,0,0,2,92,0,114,0,0,0,0,125,25,0,30,3,0,Moderate Engagement
690548,0,0,0,0,0,0,15,0,3,0,0,0,0,0,6,0,12,0,0,Moderate Engagement
690554,0,0,0,0,0,0,4,0,5,0,0,0,0,0,5,0,2,0,0,Moderate Engagement
690767,0,0,0,0,0,0,90,0,188,0,0,0,0,122,17,0,8,3,0,Moderate Engagement
690940,0,0,0,0,0,5,66,0,166,0,0,0,0,1,38,0,9,3,0,Moderate Engagement
691006,0,0,0,0,0,0,87,0,155,0,0,0,0,16,19,0,10,0,0,Moderate Engagement
691028,0,0,0,0,10,0,64,0,63,0,0,0,0,99,17,0,19,5,0,Moderate Engagement
691106,0,0,0,0,0,0,40,0,2,0,0,0,0,0,10,0,11,2,0,Moderate Engagement
691272,0,0,0,0,17,0,6,1,13,0,0,0,0,0,8,0,3,1,0,Moderate Engagement
691286,0,0,0,0,0,0,6,0,12,0,0,0,0,0,1,0,1,0,0,Moderate Engagement
691343,0,0,0,0,5,2,14,0,17,0,0,0,0,0,12,0,4,1,0,Moderate Engagement
691411,0,0,0,0,160,0,77,4,62,0,0,0,0,0,11,0,13,1,0,Moderate Engagement
691514,0,0,0,0,0,0,18,0,16,0,0,0,0,0,3,0,2,1,0,Moderate Engagement
691856,0,0,0,0,0,2,27,0,191,0,0,0,0,1,21,0,20,0,0,Moderate Engagement
691867,0,0,0,0,0,0,3,0,25,0,0,0,0,0,1,0,0,0,0,Moderate Engagement
691869,0,0,0,0,0,0,94,1,58,0,0,0,0,0,30,0,17,5,0,Moderate Engagement
691997,0,0,0,0,0,0,11,0,65,0,0,0,0,0,16,0,13,0,0,Moderate Engagement
692207,0,0,0,0,0,0,19,0,115,0,0,0,0,20,0,0,1,0,0,Moderate Engagement
692473,0,0,0,0,9,1,51,0,70,0,0,0,0,0,19,0,15,2,0,Moderate Engagement
692474,0,0,0,0,33,0,58,1,56,0,0,0,0,55,11,0,14,9,0,Moderate Engagement
692479,0,0,0,0,0,0,115,0,189,0,0,0,0,28,36,0,27,4,0,Moderate Engagement
692482,0,0,0,0,0,0,9,0,10,0,0,0,0,0,5,0,2,0,0,Moderate Engagement
692496,0,0,0,0,0,0,30,0,35,0,0,0,0,0,9,0,8,3,0,Moderate Engagement
692521,0,0,0,0,0,0,12,0,4,0,0,0,0,0,2,0,3,0,0,Moderate Engagement
692522,0,0,0,0,0,0,27,0,161,0,0,0,0,4,13,0,13,1,0,Moderate Engagement
692525,0,0,0,0,0,0,72,0,81,0,0,0,0,27,15,0,31,1,0,Moderate Engagement
692544,0,0,0,0,0,0,110,0,211,0,0,0,0,51,22,0,10,1,0,Moderate Engagement
692553,0,0,0,0,14,0,136,0,276,0,0,0,2,0,50,0,13,0,0,Moderate Engagement
692629,0,0,0,0,0,0,8,0,27,0,0,0,0,0,1,0,6,3,0,Moderate Engagement
692647,0,0,0,0,1,0,32,0,48,0,0,0,0,0,8,0,6,0,0,Moderate Engagement
692826,0,0,0,0,31,1,30,1,10,0,0,0,0,0,5,0,2,1,0,Moderate Engagement
692897,0,0,0,0,125,0,45,1,49,0,0,0,0,0,11,0,4,0,0,Moderate Engagement
692920,0,0,0,0,0,0,75,0,233,0,0,0,0,72,7,0,28,1,0,Moderate Engagement
692936,0,0,0,0,3,0,26,0,39,0,0,0,0,4,7,0,6,0,0,Moderate Engagement
693127,0,0,0,0,10,0,0,0,1,0,0,0,0,0,1,0,0,0,0,Moderate Engagement
693213,0,0,0,0,37,1,51,1,280,0,0,0,0,54,15,0,15,2,0,Moderate Engagement
693230,0,0,0,0,6,0,21,11,53,0,0,0,0,52,21,0,9,0,0,Moderate Engagement
693297,0,0,0,0,0,0,157,0,293,0,0,0,0,53,38,0,20,6,0,Moderate Engagement
693380,0,0,0,0,5,0,77,0,97,0,0,0,0,0,7,0,4,0,0,Moderate Engagement
693615,0,0,0,0,3,0,18,0,14,0,0,0,0,0,9,0,8,0,0,Moderate Engagement
693635,0,0,0,0,0,0,36,0,52,0,0,0,0,43,9,0,15,1,0,Moderate Engagement
693692,0,0,0,0,8,0,18,1,9,0,0,0,0,5,5,0,6,1,0,Moderate Engagement
693752,0,0,0,0,35,0,46,0,126,0,0,0,0,30,6,0,11,0,0,Moderate Engagement
693793,0,0,0,0,0,1,64,0,65,0,0,0,0,15,12,0,18,0,0,Moderate Engagement
693871,0,0,0,0,0,0,61,0,76,0,0,0,0,5,62,0,25,3,0,Moderate Engagement
693899,0,0,0,0,0,0,23,0,31,0,0,0,0,0,6,0,10,2,0,Moderate Engagement
693983,0,0,0,0,0,0,21,0,17,0,0,0,0,0,38,0,15,1,0,Moderate Engagement
694190,0,0,0,0,0,0,22,0,37,0,0,0,0,0,5,0,9,0,0,Moderate Engagement
694339,0,0,0,0,0,0,14,0,16,0,0,0,0,0,4,0,1,0,0,Moderate Engagement
694342,0,0,0,0,0,0,171,0,727,0,0,0,3,90,25,0,49,0,0,Moderate Engagement
694349,0,0,0,0,0,2,70,0,120,0,0,0,0,18,27,0,18,1,0,Moderate Engagement
694380,0,0,0,0,3,2,56,0,99,0,0,0,0,0,7,0,21,0,0,Moderate Engagement
694404,0,0,0,0,2,2,83,0,110,0,0,0,0,24,14,0,13,3,0,Moderate Engagement
694448,0,0,0,0,0,0,31,1,42,0,0,0,0,0,5,0,2,0,0,Moderate Engagement
694476,0,0,0,0,0,0,160,0,163,0,0,0,0,14,29,0,21,0,0,Moderate Engagement
694526,0,0,0,0,0,3,121,0,249,0,0,0,0,67,11,0,23,0,0,Moderate Engagement
694554,0,0,0,0,2,1,18,0,9,0,0,0,0,63,2,0,1,1,0,Moderate Engagement
694706,0,0,0,0,0,2,56,0,188,0,0,0,0,0,12,0,12,1,0,Moderate Engagement
694857,0,0,0,0,0,0,52,0,36,0,0,0,0,0,17,0,5,0,0,Moderate Engagement
694974,0,0,0,0,25,0,63,1,76,0,0,0,0,34,18,0,5,0,0,Moderate Engagement
694981,0,0,0,0,0,0,63,0,73,0,0,0,0,66,12,0,18,3,0,Moderate Engagement
695021,0,0,0,0,0,4,21,0,173,0,0,0,0,37,5,0,3,0,0,Moderate Engagement
695031,0,0,0,0,8,0,46,0,219,0,0,0,0,80,4,0,3,2,0,Moderate Engagement
695047,0,0,0,0,0,0,79,0,432,0,0,0,12,1,29,0,12,2,0,Moderate Engagement
695049,0,0,0,0,0,0,6,0,3,0,0,0,0,0,0,0,0,0,0,Moderate Engagement
695070,0,0,0,0,0,1,33,1,575,0,0,0,0,1,2,0,7,0,0,Moderate Engagement
695084,0,0,0,0,12,0,107,0,446,0,0,0,0,69,32,0,17,0,0,Moderate Engagement
695144,0,0,0,0,0,0,38,0,92,0,0,0,0,13,16,0,14,0,0,Moderate Engagement
695186,0,0,0,0,0,0,4,0,0,0,0,0,0,0,2,0,1,0,0,Moderate Engagement
695256,0,0,0,0,0,0,22,0,35,0,0,0,0,0,3,0,4,0,0,Moderate Engagement
695356,0,0,0,0,0,0,4,0,15,0,0,0,0,0,2,0,0,0,0,Moderate Engagement
695405,0,0,0,0,10,0,59,0,268,0,0,0,4,84,12,0,9,1,0,Moderate Engagement
695461,0,0,0,0,0,1,46,0,41,0,0,0,0,9,8,0,12,0,0,Moderate Engagement
695516,0,0,0,0,0,0,35,0,75,0,0,0,0,27,28,0,18,1,0,Moderate Engagement
695528,0,0,0,0,0,0,4,0,7,0,0,0,0,0,0,0,0,0,0,Moderate Engagement
695613,0,0,0,0,9,0,28,0,59,0,0,0,0,0,86,0,11,0,0,Moderate Engagement
695654,0,0,0,0,4,0,56,15,179,0,0,0,0,0,11,0,12,0,0,Moderate Engagement
695941,0,0,0,0,2,0,19,0,74,0,0,0,0,0,9,0,3,0,0,Moderate Engagement
695972,0,0,0,0,0,1,103,0,622,0,0,0,3,6,21,0,17,4,0,Moderate Engagement
695981,0,0,0,0,0,0,21,0,34,0,0,0,0,0,4,0,7,0,0,Moderate Engagement
696316,0,0,0,0,5,0,52,1,101,0,0,0,0,17,26,0,13,0,0,Moderate Engagement
696348,0,0,0,0,2,2,9,0,26,0,0,0,0,0,2,0,1,0,0,Moderate Engagement
696440,0,0,0,0,18,0,44,0,141,0,0,0,0,39,37,0,10,0,0,Moderate Engagement
696595,0,0,0,0,0,0,14,0,21,0,0,0,0,8,19,0,7,0,0,Moderate Engagement
696684,0,0,0,0,0,0,141,2,201,0,0,0,0,30,25,0,32,1,0,Moderate Engagement
696692,0,0,0,0,20,0,54,4,12,0,0,0,0,16,1,0,17,0,0,Moderate Engagement
696716,0,0,0,0,0,0,38,0,59,0,0,0,0,0,5,0,11,0,0,Moderate Engagement
696799,0,0,0,0,0,0,8,0,4,0,0,0,0,1,4,0,1,0,0,Moderate Engagement
696804,0,0,0,0,7,0,86,11,160,0,0,0,0,0,33,0,21,2,0,Moderate Engagement
696844,0,0,0,0,50,1,46,7,140,0,0,0,0,75,11,0,17,0,0,Moderate Engagement
696890,0,0,0,0,75,0,42,2,146,0,0,0,0,1,19,0,17,1,0,Moderate Engagement
697119,0,0,0,0,0,0,6,0,0,0,0,0,0,0,7,0,2,0,0,Moderate Engagement
697136,0,0,0,0,29,0,35,1,34,0,0,0,0,0,15,0,8,2,0,Moderate Engagement
697337,0,0,0,0,0,0,7,0,5,0,0,0,0,0,1,0,0,1,0,Moderate Engagement
697345,0,0,0,0,14,0,104,1,159,0,0,0,0,152,27,0,32,0,0,Moderate Engagement
697428,0,0,0,0,0,0,16,0,35,0,0,0,0,0,3,0,8,1,0,Moderate Engagement
697525,0,0,0,0,8,0,30,0,45,0,0,0,0,15,3,0,10,1,0,Moderate Engagement
697542,0,0,0,0,0,0,13,0,9,0,0,0,0,0,4,0,2,1,0,Moderate Engagement
697561,0,0,0,0,0,1,143,0,368,0,0,0,0,198,25,0,20,0,0,Moderate Engagement
697893,0,0,0,0,8,0,19,0,9,0,0,0,0,59,26,0,5,1,0,Moderate Engagement
697909,0,0,0,0,0,0,24,2,50,0,0,0,0,0,6,0,3,0,0,Moderate Engagement
697912,0,0,0,0,26,0,35,0,0,0,0,0,0,0,8,0,17,0,0,Moderate Engagement
697959,0,0,0,0,0,0,62,0,887,0,0,0,4,140,10,0,26,0,0,Moderate Engagement
698198,0,0,0,0,10,0,90,0,129,0,0,0,0,159,52,0,15,2,0,Moderate Engagement
698200,0,0,0,0,0,0,29,0,10,0,0,0,0,13,1,0,10,0,0,Moderate Engagement
698203,0,0,0,0,13,0,53,0,36,0,0,0,0,4,5,0,10,1,0,Moderate Engagement
698204,0,0,0,0,0,0,14,0,4,0,0,0,0,0,7,0,2,0,0,Moderate Engagement
698205,0,0,0,0,33,0,29,0,82,0,0,0,0,0,5,0,10,1,0,Moderate Engagement
698206,0,0,0,0,0,0,85,0,225,0,0,0,0,55,19,0,7,0,0,Moderate Engagement
698208,0,0,0,0,0,0,91,1,194,0,0,0,0,76,28,0,17,6,0,Moderate Engagement
698357,0,0,0,0,12,0,49,1,80,0,0,0,0,29,84,0,12,0,0,Moderate Engagement
698432,0,0,0,0,3,0,121,0,161,0,0,0,0,17,25,0,30,0,0,Moderate Engagement
698494,0,0,0,0,136,2,70,1,55,0,0,0,0,3,13,0,16,0,0,Moderate Engagement
699153,0,0,0,0,6,1,45,0,115,0,0,0,0,10,26,0,14,3,0,Moderate Engagement
699437,0,0,0,0,4,0,54,0,239,0,0,0,0,34,7,0,5,0,0,Moderate Engagement
699493,0,0,0,0,0,0,4,0,10,0,0,0,0,0,1,0,0,0,0,Moderate Engagement
699503,0,0,0,0,10,0,53,1,176,0,0,0,0,0,15,0,13,2,0,Moderate Engagement
700458,0,0,0,0,13,0,94,4,60,0,0,0,0,19,44,0,39,4,0,Moderate Engagement
1419671,0,0,0,0,13,0,7,1,0,0,0,0,0,0,3,0,4,0,0,Moderate Engagement
1432518,0,0,0,0,5,0,64,14,211,0,0,0,0,0,46,0,16,3,0,Moderate Engagement
1453140,0,0,0,0,0,0,62,0,69,0,0,0,0,55,16,0,22,3,0,Moderate Engagement
1486048,0,0,0,0,6,0,110,8,205,0,0,0,4,46,15,0,10,1,0,Moderate Engagement
1585768,0,0,0,0,1,2,35,0,25,0,0,0,0,4,10,0,10,1,0,Moderate Engagement
1656979,0,0,0,0,0,9,101,0,390,0,0,0,0,119,19,0,55,0,0,Moderate Engagement
1723749,0,0,0,0,9,0,129,1,269,0,0,0,0,2,62,0,53,0,0,Moderate Engagement
1874935,0,0,0,0,79,0,60,3,53,0,0,0,0,0,13,0,21,0,0,Moderate Engagement
1891028,0,0,0,0,1,0,23,1,45,0,0,0,0,0,12,0,7,3,0,Moderate Engagement
1926542,0,0,0,0,11,1,90,3,117,0,0,0,0,7,10,0,17,2,0,Moderate Engagement
1928536,0,0,0,0,0,0,10,0,12,0,0,0,0,0,3,0,0,0,0,Moderate Engagement
2003628,0,0,0,0,0,0,5,0,14,0,0,0,0,0,2,0,0,0,0,Moderate Engagement
2045569,0,0,0,0,39,0,33,0,55,0,0,0,0,0,4,0,3,1,0,Moderate Engagement
2049740,0,0,0,0,5,0,83,0,254,0,0,0,0,68,19,0,12,1,0,Moderate Engagement
2103305,0,0,0,0,5,0,91,0,77,0,0,0,0,1,28,0,9,3,0,Moderate Engagement
2177423,0,0,0,0,21,0,61,1,104,0,0,0,0,0,22,0,28,1,0,Moderate Engagement
2187308,0,0,0,0,606,1,349,3,80,0,0,0,0,1,24,0,17,0,0,Moderate Engagement
2192113,0,0,0,0,22,0,104,0,58,0,0,0,0,0,41,0,48,20,0,Moderate Engagement
2213814,0,0,0,0,8,0,17,0,47,0,0,0,0,0,4,0,10,2,0,Moderate Engagement
2232976,0,0,0,0,163,0,90,3,43,0,0,0,0,19,18,0,21,0,0,Moderate Engagement
2237567,0,0,0,0,137,1,112,2,282,0,0,0,0,2,22,0,28,0,0,Moderate Engagement
2241250,0,0,0,0,0,0,13,0,85,0,0,0,0,14,5,0,10,2,0,Moderate Engagement
2264569,0,0,0,0,0,1,22,3,24,0,0,0,0,0,6,0,12,0,0,Moderate Engagement
2269561,0,0,0,0,35,0,41,3,15,0,0,0,0,51,11,0,15,0,0,Moderate Engagement
2276854,0,0,0,0,0,0,3,0,3,0,0,0,0,5,0,0,0,0,0,Moderate Engagement
2296716,0,0,0,0,17,1,23,4,61,0,0,0,0,0,7,0,14,0,0,Moderate Engagement
2299745,0,0,0,0,22,0,97,1,84,0,0,0,0,51,15,0,12,0,0,Moderate Engagement
2318161,0,0,0,0,74,0,64,0,154,0,0,0,0,40,13,0,9,1,0,Moderate Engagement
2321660,0,0,0,0,9,0,53,6,59,0,0,0,0,71,26,0,9,1,0,Moderate Engagement
2326401,0,0,0,0,4,0,41,0,111,0,0,0,0,0,29,0,2,1,0,Moderate Engagement
2349805,0,0,0,0,0,0,9,0,11,0,0,0,0,0,5,0,0,0,0,Moderate Engagement
2386867,0,0,0,0,16,0,35,0,45,0,0,0,0,18,15,0,18,0,0,Moderate Engagement
2394741,0,0,0,0,57,2,51,0,151,0,0,0,0,11,32,0,8,0,0,Moderate Engagement
2399380,0,0,0,0,0,0,5,0,0,0,0,0,0,0,1,0,3,0,0,Moderate Engagement
2414945,0,0,0,0,58,0,101,2,178,0,0,0,0,1,20,0,14,1,0,Moderate Engagement
2423078,0,0,0,0,0,0,4,0,10,0,0,0,0,0,1,0,2,0,0,Moderate Engagement
2426442,0,0,0,0,25,0,40,2,74,0,0,0,0,0,8,0,20,0,0,Moderate Engagement
2426864,0,0,0,0,1,0,91,0,144,0,0,0,0,96,29,0,10,1,0,Moderate Engagement
2428341,0,0,0,0,0,0,89,4,126,0,0,0,0,0,33,0,39,2,0,Moderate Engagement
2432551,0,0,0,0,46,4,86,0,146,0,0,0,0,69,7,0,28,2,0,Moderate Engagement
2448699,0,0,0,0,5,0,56,0,70,0,0,0,0,19,16,0,6,0,0,Moderate Engagement
2454351,0,0,0,0,11,0,12,1,20,0,0,0,0,0,1,0,1,0,0,Moderate Engagement
2459279,0,0,0,0,0,0,10,0,20,0,0,0,0,0,1,0,4,0,0,Moderate Engagement
2462576,0,0,0,0,6,1,72,0,115,0,0,0,0,0,26,0,16,1,0,Moderate Engagement
2482994,0,0,0,0,20,0,85,0,9,0,0,0,0,145,18,0,19,4,0,Moderate Engagement
2486159,0,0,0,0,4,1,61,0,277,0,0,0,3,180,17,0,10,0,0,Moderate Engagement
2487430,0,0,0,0,10,0,84,3,191,0,0,0,0,82,16,0,13,0,0,Moderate Engagement
2494258,0,0,0,0,0,0,64,0,252,0,0,0,5,1,12,0,6,0,0,Moderate Engagement
2497189,0,0,0,0,0,0,11,0,4,0,0,0,0,0,1,0,6,1,0,Moderate Engagement
2520649,0,0,0,0,47,0,92,1,235,0,0,0,0,140,23,0,6,0,0,Moderate Engagement
2537934,0,0,0,0,8,0,41,0,73,0,0,0,0,0,14,0,17,2,0,Moderate Engagement
2542310,0,0,0,0,8,0,28,0,41,0,0,0,0,0,5,0,3,0,0,Moderate Engagement
2552708,0,0,0,0,0,0,76,0,528,0,0,0,3,154,26,0,22,0,0,Moderate Engagement
2559992,0,0,0,0,12,0,68,0,34,0,0,0,0,0,19,0,29,0,0,Moderate Engagement
2594368,0,0,0,0,15,0,82,7,145,0,0,0,0,0,59,0,66,0,0,Moderate Engagement
2611512,0,0,0,0,22,6,73,0,105,0,0,0,0,0,23,0,28,1,0,Moderate Engagement
2627398,0,0,0,0,26,0,49,0,41,0,0,0,0,0,9,0,5,2,0,Moderate Engagement
